Rk,Name,Age,B,PA,AB,R,H,2B,3B,HR,RBI,SB,CS,BB,SO,BA,OBP,SLG,OPS,TB,GDP,HBP,SH,SF,IBB,Rel,Name-additional
1,CJ Abrams,23,L,537,492,71,126,25,4,14,56,32,4,29,100,.256,.312,.409,.720,201,7,12,3,3,1,78%,abramcj01
2,José Abreu,37,R,565,501,67,131,26,1,18,79,2,1,47,116,.261,.334,.425,.759,213,17,10,0,5,2,86%,abreujo02
3,Wilyer Abreu,25,L,243,216,30,60,13,1,8,33,6,2,23,56,.278,.351,.458,.810,99,3,2,0,1,0,26%,abreuwi02
4,Ronald Acuna Jr.,26,R,621,540,110,165,30,2,30,81,47,11,68,109,.306,.391,.535,.926,289,10,10,0,4,3,85%,acunaro01
5,Willy Adames,28,R,581,516,74,123,29,1,25,80,7,3,57,151,.238,.316,.444,.759,229,11,3,0,4,2,86%,adamewi01
6,Jordyn Adams,24,R,220,199,25,47,9,1,6,24,5,2,17,54,.236,.300,.382,.682,76,4,2,0,2,0,14%,adamsjo03
7,Riley Adams,28,R,295,263,28,63,16,2,9,32,2,1,25,78,.240,.316,.418,.735,110,6,5,1,1,0,60%,adamsri03
8,Jo Adell,25,R,260,238,28,58,12,2,9,31,5,1,17,75,.244,.301,.424,.726,101,5,3,0,1,0,61%,adelljo01
9,Ozzie Albies,27,B,557,505,81,137,29,4,25,86,13,3,40,99,.271,.327,.493,.820,249,6,5,0,6,1,84%,albieoz01
10,Nick Allen,25,R,397,362,41,84,12,1,7,31,6,2,26,74,.232,.286,.329,.614,119,8,2,5,2,0,71%,allenni02
11,Pete Alonso,29,R,598,521,81,130,23,2,36,102,5,1,58,125,.250,.337,.509,.845,265,16,13,0,5,7,87%,alonspe01
12,José Altuve,34,R,465,409,78,118,25,1,20,53,12,2,47,76,.289,.367,.501,.868,205,9,5,0,2,1,84%,altuvjo01
13,Jake Alu,27,L,288,258,31,63,9,1,7,32,7,1,22,66,.244,.310,.368,.678,95,5,4,1,3,0,42%,aluja01
14,Francisco Álvarez,22,R,413,371,53,86,15,1,22,60,5,1,36,98,.232,.308,.456,.764,169,12,6,0,2,0,64%,alvarfr01
15,Yordan Álvarez,27,L,504,431,80,126,26,1,30,89,2,1,61,102,.292,.387,.566,.953,244,10,8,0,4,5,84%,alvaryo01
16,Jacob Amaya,25,R,205,183,26,47,9,1,7,26,5,1,17,44,.257,.325,.432,.757,79,4,2,0,1,1,4%,amayaja01
17,Miguel Amaya,25,R,278,242,34,59,11,1,9,34,4,1,24,64,.244,.335,.409,.744,99,5,10,1,2,0,39%,amayami01
18,Miguel Andújar,29,R,259,238,29,59,11,1,8,33,5,1,17,50,.248,.298,.403,.702,96,5,1,0,2,0,55%,andujmi01
19,Jonathan Aranda,26,L,260,229,33,55,12,1,7,30,3,1,26,64,.240,.326,.393,.719,90,4,4,0,2,2,42%,arandjo01
20,Orlando Arcia,29,R,490,443,59,113,22,0,16,62,3,1,39,100,.255,.319,.413,.732,183,12,4,0,3,1,76%,arciaor01
21,Nolan Arenado,33,R,568,514,68,138,30,2,26,88,4,2,44,89,.268,.327,.486,.814,250,17,4,0,6,4,86%,arenano01
22,Gabriel Arias,24,R,378,340,45,79,17,1,12,37,6,3,34,104,.232,.306,.394,.700,134,8,3,1,2,0,62%,ariasga01
23,Randy Arozarena,29,R,592,517,81,136,28,3,20,76,23,9,58,145,.263,.350,.445,.795,230,11,13,0,4,2,86%,arozara01
24,Luis Arráez,27,L,569,518,74,168,27,3,9,58,5,3,43,52,.324,.378,.440,.818,228,11,4,1,4,5,85%,arraelu01
25,José Azocar,28,R,273,247,35,62,13,2,5,25,10,4,18,59,.251,.309,.381,.689,94,6,3,3,1,0,53%,azocajo01
26,Akil Baddoo,25,L,401,355,51,85,15,3,11,40,15,4,43,99,.239,.322,.392,.713,139,5,1,1,2,1,77%,baddoak01
27,Harrison Bader,30,R,403,370,50,92,16,2,11,47,18,3,25,80,.249,.301,.392,.693,145,7,4,1,3,2,78%,baderha01
28,Ji Hwan Bae,24,L,389,349,55,87,19,2,6,41,21,6,33,89,.249,.320,.367,.686,128,5,4,2,2,0,63%,baeji01
29,Javier Báez,31,R,533,492,63,118,21,3,17,66,13,2,28,137,.240,.290,.398,.688,196,12,8,0,3,1,85%,baezja01
30,Patrick Bailey,25,B,377,343,38,85,19,1,10,51,4,1,27,95,.248,.309,.397,.705,136,8,4,2,2,0,60%,bailepa01
31,Luken Baker,27,R,250,221,29,54,10,1,7,29,4,1,25,62,.244,.325,.394,.719,87,4,2,0,1,0,29%,bakerlu01
32,Austin Barnes,34,R,321,282,37,61,11,0,9,32,4,1,31,70,.216,.301,.351,.652,99,9,4,2,2,1,68%,barneau01
33,José Barrero,26,R,292,264,31,58,13,1,6,30,7,2,24,86,.220,.289,.345,.633,91,5,2,0,1,0,57%,garcijo02
34,Joey Bart,27,R,277,248,33,58,10,0,8,27,3,1,22,80,.234,.308,.371,.679,92,4,5,0,1,0,58%,bartjo01
35,Osleivis Basabe,23,R,247,223,34,56,12,1,7,31,4,2,21,57,.251,.323,.408,.731,91,5,3,0,1,0,28%,basabos01
36,Matthew Batten,29,R,272,239,34,59,12,1,7,28,5,2,27,61,.247,.330,.393,.723,94,3,3,1,1,0,39%,battema01
37,Brett Baty,24,L,399,359,46,83,14,1,12,42,4,1,32,99,.231,.298,.376,.674,135,7,3,1,2,0,64%,batybr01
38,Jake Bauers,28,L,336,299,36,67,15,0,11,34,6,2,32,93,.224,.301,.385,.686,115,4,2,0,2,1,66%,bauerja01
39,Josh Bell,31,B,573,501,63,128,26,1,20,72,2,1,63,111,.255,.340,.431,.771,216,17,3,0,4,2,86%,belljo02
40,Andrew Benintendi,29,L,563,506,65,139,28,2,10,56,11,4,48,92,.275,.339,.397,.736,201,8,3,1,4,2,85%,beninan01
41,Will Benson,26,L,371,327,54,86,16,6,12,38,16,2,39,101,.263,.345,.459,.804,150,5,3,1,2,0,61%,bensowi01
42,Jon Berti,34,R,452,404,55,104,18,3,8,38,25,5,40,95,.257,.327,.376,.703,152,10,3,1,3,1,79%,bertijo01
43,Christian Bethancourt,32,R,399,373,52,89,19,0,13,42,5,1,21,100,.239,.281,.394,.676,147,7,2,1,2,0,71%,bethach01
44,Christian Bethancourt,32,R,399,373,52,89,19,0,13,42,5,1,21,100,.239,.281,.394,.676,147,7,2,1,2,0,71%,bethach01
45,Mookie Betts,31,R,610,528,105,148,35,2,31,82,13,3,70,102,.280,.370,.530,.901,280,7,8,0,4,2,86%,bettsmo01
46,Bo Bichette,26,R,570,531,79,160,30,2,21,77,12,3,34,115,.301,.346,.484,.830,257,13,3,0,2,0,87%,bichebo01
47,Cavan Biggio,29,L,399,344,54,79,18,1,11,42,6,2,46,102,.230,.328,.384,.712,132,3,6,1,3,1,76%,biggica01
48,Charlie Blackmon,37,L,464,414,56,109,21,4,11,56,5,1,37,81,.263,.333,.413,.746,171,8,8,1,3,1,84%,blackch02
49,Dairon Blanco,31,R,270,242,35,61,13,3,8,34,22,4,22,64,.252,.321,.430,.751,104,5,3,2,1,0,37%,blancda02
50,JJ Bleday,26,L,375,324,43,68,16,1,12,36,7,2,45,90,.210,.309,.377,.686,122,6,3,0,3,0,67%,bledajj01
51,Xander Bogaerts,31,R,596,528,79,153,31,1,18,65,12,2,54,110,.290,.360,.455,.814,240,15,7,0,6,1,86%,bogaexa01
52,Alec Bohm,27,R,569,519,70,142,25,1,15,77,5,2,38,106,.274,.324,.412,.736,214,18,4,0,7,1,85%,bohmal01
53,Sean Bouchard,28,R,231,199,31,54,11,1,9,29,3,1,27,56,.271,.361,.472,.833,94,3,2,0,2,0,33%,bouchse01
54,Alex Bregman,30,R,628,538,88,141,29,2,22,86,4,1,76,85,.262,.359,.446,.805,240,18,8,0,5,2,86%,bregmal01
55,Will Brennan,26,L,432,401,46,109,22,1,8,46,13,4,23,66,.272,.318,.392,.709,157,5,5,0,2,2,67%,brennwi02
56,Jonah Bride,28,R,272,236,29,52,9,1,5,22,3,1,26,56,.220,.309,.331,.639,78,6,5,1,2,0,52%,bridejo01
57,Seth Brown,31,L,445,401,47,92,21,2,19,60,7,2,38,116,.229,.300,.434,.733,174,6,3,1,2,2,81%,brownse01
58,Vidal Bruján,26,B,258,233,32,49,10,1,6,27,7,4,20,59,.210,.279,.339,.618,79,4,3,1,2,0,49%,brujavi01
59,Vidal Bruján,26,B,258,233,32,49,10,1,6,27,7,4,20,59,.210,.279,.339,.618,79,4,3,1,2,0,49%,brujavi01
60,Kris Bryant,32,R,386,342,50,88,18,1,13,42,4,1,36,81,.257,.337,.430,.767,147,8,6,0,2,1,78%,bryankr01
61,Peyton Burdick,27,R,229,204,26,49,10,1,8,26,4,1,20,63,.240,.316,.417,.732,85,3,3,0,1,0,33%,burdipe01
62,Jake Burger,28,R,488,443,63,112,25,2,26,69,3,1,33,130,.253,.316,.494,.810,219,8,9,1,3,1,75%,burgeja01
63,Alec Burleson,25,L,379,341,41,85,20,1,10,42,6,1,30,63,.249,.316,.402,.717,137,11,4,1,2,0,62%,burleal01
64,Michael Busch,26,L,241,214,29,50,11,1,8,27,5,1,22,60,.234,.308,.407,.715,87,3,2,0,2,0,25%,buschmi02
65,Lawrence Butler,23,L,265,241,29,59,11,1,9,29,4,1,18,62,.245,.303,.411,.714,99,7,3,0,2,0,35%,butlela01
66,Byron Buxton,30,R,412,366,62,87,21,2,24,52,10,1,36,115,.238,.314,.503,.817,184,3,6,0,3,1,77%,buxtoby01
67,José Caballero,27,R,340,291,44,69,13,1,8,36,22,3,32,78,.237,.335,.371,.706,108,3,13,0,4,0,54%,cabaljo01
68,José Caballero,27,R,340,291,44,69,13,1,8,36,22,3,32,78,.237,.335,.371,.706,108,3,13,0,4,0,54%,cabaljo01
69,Trey Cabbage,27,L,228,206,27,51,11,1,7,28,5,2,18,61,.248,.311,.413,.724,85,4,2,0,2,0,19%,cabbatr01
70,Oswaldo Cabrera,25,B,382,343,46,82,16,1,10,41,9,1,32,85,.239,.308,.379,.687,130,6,3,2,2,1,66%,cabreos01
71,Alex Call,29,R,433,375,48,83,15,2,11,43,10,6,48,86,.221,.318,.360,.678,135,4,6,2,2,0,69%,callal02
72,Junior Caminero,20,R,218,196,28,51,10,1,7,30,4,1,19,47,.260,.330,.429,.759,84,5,2,0,1,0,13%,caminju01
73,Luis Campusano,25,R,292,267,38,73,12,1,10,40,3,1,19,54,.273,.329,.438,.767,117,9,4,0,2,0,50%,campulu01
74,Alexander Canario,24,R,209,187,26,49,10,2,7,29,4,1,17,49,.262,.329,.449,.778,84,4,2,0,1,1,7%,canaral01
75,Jeimer Candelario,30,B,535,477,66,118,31,3,17,62,5,1,46,119,.247,.322,.432,.754,206,10,8,0,3,1,85%,candeje01
76,Jeimer Candelario,30,B,535,477,66,118,31,3,17,62,5,1,46,119,.247,.322,.432,.754,206,10,8,0,3,1,85%,candeje01
77,Mark Canha,35,R,508,434,63,109,22,1,13,57,9,1,50,95,.251,.351,.396,.747,172,8,19,0,4,1,85%,canhama01
78,Dominic Canzone,26,L,291,267,37,64,17,1,10,35,4,1,20,58,.240,.299,.423,.722,113,7,3,0,1,0,43%,canzodo01
79,Vinny Capra,27,R,211,187,27,46,9,1,6,24,4,1,20,47,.246,.324,.401,.725,75,4,2,1,1,0,10%,capravi01
80,Víctor Caratini,30,B,344,303,35,71,11,0,10,39,3,1,32,75,.234,.317,.370,.686,112,11,6,0,3,2,74%,caratvi01
81,Dylan Carlson,25,B,376,330,46,83,19,2,9,40,4,1,36,79,.252,.334,.403,.737,133,5,7,0,4,1,81%,carlsdy01
82,Kerry Carpenter,26,L,441,399,57,108,18,2,19,58,7,1,33,107,.271,.336,.469,.804,187,5,7,0,2,2,70%,carpeke01
83,Corbin Carroll,23,L,534,471,89,134,27,7,21,66,37,4,48,107,.285,.361,.505,.866,238,7,10,4,3,1,75%,carroco02
84,Evan Carter,21,L,238,208,35,57,12,2,10,32,6,1,26,56,.274,.357,.495,.852,103,4,2,0,2,1,24%,carteev01
85,Triston Casas,24,L,461,396,61,104,19,2,21,61,3,1,62,108,.263,.364,.480,.843,190,8,2,0,2,1,71%,casastr01
86,Nick Castellanos,32,R,591,546,73,150,32,1,24,85,9,2,36,144,.275,.322,.469,.791,256,15,4,0,4,1,86%,casteni01
87,Diego Castillo,26,R,229,208,26,48,11,0,8,26,3,1,16,55,.231,.293,.399,.692,83,5,3,0,2,1,49%,castidi02
88,Rodolfo Castro,25,B,356,319,36,75,12,2,12,38,5,3,31,91,.235,.311,.398,.709,127,7,5,0,2,1,69%,castrro01
89,Willi Castro,27,B,444,400,59,99,19,4,11,41,20,4,30,100,.248,.312,.398,.710,159,6,9,2,3,1,81%,castrwi01
90,Jake Cave,31,L,319,290,32,64,13,2,9,34,5,1,23,86,.221,.283,.372,.655,108,4,3,1,2,0,65%,caveja01
91,Jazz Chisholm Jr.,26,L,416,376,58,97,16,3,19,57,21,5,32,113,.258,.320,.468,.789,176,4,4,1,3,0,79%,chishja01
92,Kody Clemens,28,L,287,261,33,59,13,1,9,33,3,1,21,70,.226,.287,.387,.674,101,4,2,0,2,0,51%,clemeko01
93,Ernie Clement,28,R,244,221,30,54,8,1,5,23,3,1,17,42,.244,.305,.357,.662,79,4,3,2,2,0,53%,clemeer01
94,Oscar Colás,25,L,332,302,42,72,13,1,9,32,6,3,22,81,.238,.295,.377,.672,114,6,3,2,2,1,52%,colasos01
95,Michael Conforto,31,L,435,376,52,90,16,0,14,53,4,1,48,97,.239,.334,.394,.728,148,11,7,0,3,3,76%,confomi01
96,William Contreras,26,R,543,481,74,134,28,1,20,69,6,1,56,125,.279,.357,.466,.822,224,14,4,1,3,2,81%,contrwi02
97,Willson Contreras,32,R,496,428,61,107,24,1,21,62,6,3,49,116,.250,.345,.458,.803,196,12,15,1,3,0,83%,contrwi01
98,Carlos Correa,29,R,549,484,69,127,26,1,20,67,2,1,57,115,.262,.342,.444,.787,215,19,4,0,4,2,86%,correca01
99,Colton Cowser,24,L,239,207,35,47,10,1,6,25,5,1,26,55,.227,.322,.372,.694,77,4,4,0,2,0,24%,cowseco01
100,J.P. Crawford,29,L,579,501,74,131,29,1,12,53,4,2,67,101,.261,.354,.395,.749,198,9,6,2,3,1,86%,crawfjp01
101,Jake Cronenworth,30,L,529,462,66,113,25,5,14,60,5,1,49,96,.245,.327,.411,.738,190,6,10,1,5,3,86%,croneja01
102,Pete Crow-Armstrong,22,L,210,184,28,45,9,1,7,25,6,2,20,47,.245,.324,.418,.742,77,4,2,2,1,1,7%,crowape01
103,Oneil Cruz,25,L,256,230,34,57,10,2,11,36,8,2,23,72,.248,.319,.452,.771,104,3,2,0,2,1,58%,cruzon01
104,Travis d'Arnaud,35,R,389,355,47,86,20,1,14,50,2,0,26,87,.242,.304,.423,.727,150,10,6,0,1,0,76%,darnatr01
105,Bobby Dalbec,29,R,262,237,31,55,10,2,11,34,3,0,20,83,.232,.298,.430,.728,102,3,3,0,2,0,72%,dalbebo01
106,Henry Davis,24,R,328,290,39,69,14,1,10,36,6,4,31,79,.238,.320,.397,.717,115,5,5,0,2,2,52%,davishe01
107,J.D. Davis,31,R,510,446,59,113,23,1,17,60,3,1,50,145,.253,.335,.424,.759,189,14,7,0,4,1,80%,davisjd01
108,Bryan De La Cruz,27,R,549,503,57,132,27,1,18,67,6,1,38,127,.262,.315,.427,.743,215,15,3,0,5,1,81%,delacbr01
109,Elly De La Cruz,22,B,414,373,63,94,17,5,14,48,28,6,36,117,.252,.321,.437,.758,163,6,3,1,2,2,64%,delacel01
110,Paul DeJong,30,R,424,383,45,79,15,1,15,45,6,3,32,119,.206,.276,.368,.644,141,8,6,0,3,0,78%,dejonpa01
111,Jason Delay,29,R,310,279,35,68,15,1,5,31,3,2,23,76,.244,.309,.358,.668,100,7,4,2,1,0,57%,delayja01
112,Jonny DeLuca,25,R,223,200,28,52,9,1,8,28,5,1,19,48,.260,.329,.435,.764,87,4,2,0,1,0,16%,delucjo01
113,Rafael Devers,27,L,589,525,83,148,34,1,29,90,5,2,54,116,.282,.356,.516,.872,271,13,8,0,3,8,87%,deverra01
114,Aledmys Díaz,33,R,405,370,39,89,20,1,10,43,3,1,24,79,.241,.295,.381,.676,141,11,6,1,3,2,77%,diazal02
115,Elías Díaz,33,R,501,458,51,114,24,2,16,65,2,1,36,107,.249,.306,.415,.721,190,13,3,0,3,0,81%,diazel01
116,Jordan Diaz,23,R,352,322,33,79,14,1,11,36,3,1,25,76,.245,.306,.398,.703,128,9,4,0,2,0,58%,diazjo03
117,Yainer Diaz,25,R,389,359,52,99,22,1,20,58,3,1,21,79,.276,.321,.510,.830,183,10,5,0,5,0,62%,diazya02
118,Yandy Díaz,32,R,556,481,76,141,29,1,16,66,3,2,65,86,.293,.383,.457,.840,220,12,6,0,2,2,85%,diazya01
119,Jasson Domínguez,21,B,217,194,30,51,10,1,10,30,5,1,19,47,.263,.333,.479,.813,93,4,2,0,1,0,12%,dominja01
120,Brendan Donovan,27,L,432,374,58,105,17,1,10,44,5,2,46,70,.281,.373,.412,.784,154,7,10,1,2,1,76%,donovbr01
121,Jeter Downs,25,R,209,185,28,46,9,1,7,25,5,1,19,52,.249,.322,.422,.744,78,3,2,0,2,0,15%,downsje01
122,Brenton Doyle,26,R,416,379,49,85,17,4,11,49,18,4,27,124,.224,.281,.377,.658,143,8,4,2,3,0,64%,doylebr02
123,Brandon Drury,31,R,518,474,67,124,28,2,24,78,3,2,32,124,.262,.315,.481,.796,228,11,7,0,4,0,81%,drurybr01
124,Mauricio Dubón,29,R,473,438,64,113,22,2,11,49,7,3,25,77,.258,.300,.393,.693,172,11,3,1,4,1,77%,dubonma01
125,Ezequiel Duran,25,R,442,406,56,109,22,2,14,51,9,3,28,109,.268,.322,.436,.758,177,7,5,1,2,1,72%,duranez01
126,Jarren Duran,27,L,403,368,50,97,28,3,9,43,18,2,28,103,.264,.321,.429,.750,158,4,4,0,2,1,72%,duranja01
127,Tommy Edman,29,B,527,480,73,125,27,3,12,49,26,3,36,88,.260,.317,.404,.721,194,8,5,2,3,1,86%,edmanto01
128,Xavier Edwards,24,B,242,218,32,59,11,1,6,24,8,1,18,50,.271,.333,.413,.746,90,4,3,2,1,0,26%,edwarxa01
129,Christian Encarnacion-Strand,24,R,321,290,40,78,12,1,14,45,5,1,24,80,.269,.334,.462,.796,134,6,5,0,1,0,50%,encarch01
130,Santiago Espinal,29,R,376,340,44,91,19,1,6,39,6,3,30,59,.268,.331,.382,.713,130,8,3,1,2,1,77%,espinsa01
131,Thairo Estrada,28,R,519,474,66,127,23,2,15,58,20,5,31,104,.268,.326,.420,.745,199,10,11,1,3,1,81%,estrath01
132,Stuart Fairchild,28,R,339,296,44,72,18,2,10,36,9,3,31,86,.243,.329,.419,.748,124,5,8,2,2,0,60%,faircst01
133,Kyle Farmer,33,R,443,400,51,102,18,2,13,56,4,3,26,89,.255,.315,.408,.723,163,12,11,1,4,0,83%,farmeky01
134,Freddy Fermin,29,R,318,289,38,76,14,1,11,41,3,1,23,70,.263,.319,.433,.751,125,10,2,1,3,0,50%,fermifr01
135,José Fermín,25,R,231,203,25,52,9,1,6,26,4,2,21,46,.256,.336,.399,.735,81,4,4,2,1,0,20%,fermijo01
136,Tyler Fitzgerald,26,R,217,195,26,49,10,1,8,27,6,1,18,50,.251,.319,.436,.755,85,4,2,0,1,0,12%,fitzgty01
137,Dominic Fletcher,26,L,251,225,30,61,12,1,7,32,4,2,21,55,.271,.337,.427,.764,96,3,2,2,1,1,30%,fletcdo01
138,Wilmer Flores,32,R,487,431,59,110,22,1,19,60,2,0,45,79,.255,.331,.443,.774,191,10,6,0,4,1,83%,florewi01
139,Estevan Florial,26,L,239,210,27,51,10,1,6,27,7,1,23,59,.243,.326,.386,.712,81,3,4,0,2,0,32%,flories01
140,Nick Fortes,27,R,386,348,50,80,13,1,12,40,7,3,27,76,.230,.297,.376,.673,131,11,7,2,2,0,69%,forteni01
141,Jake Fraley,29,L,415,361,49,90,17,0,16,59,16,4,46,89,.249,.341,.429,.770,155,5,5,0,2,2,75%,fraleja01
142,Ty France,29,R,594,526,71,141,28,1,16,66,2,0,40,103,.268,.345,.416,.761,219,17,23,0,3,1,87%,francty01
143,Wander Franco,23,B,480,433,69,125,26,5,14,58,19,5,41,66,.289,.351,.469,.820,203,11,3,0,4,2,80%,francwa01
144,Freddie Freeman,34,L,636,553,106,172,40,2,24,85,15,2,68,106,.311,.393,.521,.914,288,10,9,0,4,10,88%,freemfr01
145,Tyler Freeman,25,R,293,263,36,67,13,1,8,31,7,1,22,55,.255,.322,.403,.725,106,6,5,2,2,0,50%,freemty01
146,Sal Frelick,24,L,312,272,41,70,14,1,8,37,9,1,34,59,.257,.343,.404,.747,110,4,3,0,3,0,48%,frelisa01
147,TJ Friedl,28,L,504,443,67,118,21,6,16,58,20,4,43,87,.266,.340,.449,.789,199,3,9,4,5,1,77%,friedtj01
148,David Fry,28,R,257,229,30,57,12,1,9,32,5,1,21,61,.249,.324,.428,.752,98,6,5,0,1,0,32%,fryda01
149,Adolis García,31,R,582,526,84,130,27,2,29,90,15,3,45,161,.247,.310,.471,.781,248,11,5,0,5,1,86%,garciad02
150,Avisaíl García,33,R,297,270,32,64,10,1,11,37,5,1,19,78,.237,.295,.404,.699,109,7,4,0,2,1,75%,garciav01
151,Luis García,24,L,479,445,56,121,25,3,11,55,7,4,27,82,.272,.312,.416,.727,185,10,1,1,5,1,80%,garcilu04
152,Maikel García,24,R,460,413,55,114,20,3,7,50,18,5,37,99,.276,.335,.390,.725,161,8,3,1,7,0,69%,garcima01
153,Stone Garrett,28,R,344,302,48,80,21,1,12,46,6,2,30,93,.265,.335,.460,.796,139,7,4,0,4,0,58%,garrest01
154,Mitch Garver,33,R,394,342,48,85,16,0,19,52,3,1,44,97,.249,.339,.462,.801,158,7,4,0,2,1,73%,garvemi01
155,Zack Gelof,24,R,350,314,47,84,21,1,15,41,13,2,31,86,.268,.339,.484,.823,152,6,4,0,2,1,56%,gelofza01
156,Andrés Giménez,25,L,564,504,70,136,26,3,16,64,25,4,35,111,.270,.338,.429,.767,216,9,19,3,4,3,83%,gimenan01
157,Paul Goldschmidt,36,R,609,530,86,149,31,1,26,85,10,1,68,137,.281,.365,.491,.855,260,10,4,0,4,3,87%,goldspa01
158,Yan Gomes,36,R,439,403,47,101,19,1,13,58,3,0,23,88,.251,.299,.400,.699,161,14,7,1,5,1,79%,gomesya01
159,Nick Gonzales,25,R,264,236,31,57,14,1,7,31,4,2,20,63,.242,.311,.398,.709,94,3,5,1,3,0,35%,gonzani01
160,Oscar González,26,R,328,306,35,82,18,1,9,35,3,1,18,71,.268,.313,.422,.735,129,5,3,0,2,1,67%,gonzaos01
161,Romy Gonzalez,27,R,259,240,33,57,12,2,7,31,7,1,15,74,.238,.286,.392,.677,94,4,2,1,2,0,46%,gonzaro01
162,Hunter Goodman,24,R,239,214,28,52,12,3,7,35,5,1,20,57,.243,.310,.425,.735,91,5,2,0,3,0,24%,goodmhu01
163,Nick Gordon,28,L,291,266,32,67,16,2,7,32,6,2,16,64,.252,.301,.406,.707,108,6,4,1,3,0,71%,gordoni01
164,Nolan Gorman,24,L,463,411,63,101,19,0,24,67,7,1,49,133,.246,.330,.467,.798,192,5,4,0,2,1,75%,gormano01
165,Riley Greene,23,L,450,405,56,113,21,4,11,47,6,2,40,116,.279,.346,.432,.778,175,8,3,0,3,0,76%,greenri03
166,Trent Grisham,27,L,530,457,63,98,25,2,15,56,13,3,61,136,.214,.314,.376,.690,172,7,6,4,2,1,84%,grishtr01
167,Vaughn Grissom,23,R,256,231,32,64,11,1,7,31,6,2,19,53,.277,.340,.424,.764,98,4,4,0,2,1,46%,grissva01
168,Jordan Groshans,24,R,207,186,27,48,8,1,6,22,4,1,17,44,.258,.325,.409,.734,76,4,2,0,1,0,18%,groshjo01
169,Vladimir Guerrero Jr.,25,R,612,541,84,154,29,1,30,89,7,2,62,97,.285,.364,.508,.872,275,19,7,0,3,5,87%,guerrvl02
170,Luis Guillorme,29,L,294,259,31,67,12,1,5,22,2,1,29,54,.259,.337,.371,.707,96,9,2,2,1,1,67%,guilllu01
171,Lourdes Gurriel Jr.,30,R,545,501,61,136,31,2,17,72,5,2,35,100,.271,.324,.443,.767,222,14,5,0,3,1,85%,gurrilo01
172,Eric Haase,31,R,382,350,42,81,15,1,13,47,4,1,27,104,.231,.289,.391,.680,137,11,2,1,2,1,77%,haaseer01
173,Sam Haggerty,30,B,274,241,37,59,11,1,7,27,15,2,26,63,.245,.326,.386,.712,93,4,4,1,2,1,58%,haggesa01
174,Darick Hall,28,L,242,223,28,53,11,1,10,26,3,1,16,63,.238,.293,.430,.724,96,5,2,0,1,0,41%,hallda02
175,David Hamilton,26,L,220,194,25,46,10,1,6,23,6,2,21,50,.237,.317,.392,.708,76,4,2,0,1,0,14%,hamilda03
176,Garrett Hampson,29,R,349,311,45,77,15,3,7,30,11,3,29,87,.248,.316,.383,.699,119,5,3,3,2,1,75%,hampsga01
177,Mitch Haniger,33,R,339,306,46,73,14,1,15,45,2,0,26,86,.239,.302,.438,.740,134,8,3,0,3,1,78%,hanigmi01
178,Ian Happ,29,B,610,528,74,134,32,2,20,74,12,3,71,144,.254,.346,.436,.782,230,11,6,1,4,2,86%,happia01
179,Bryce Harper,31,L,516,437,78,126,30,1,23,71,12,3,69,112,.288,.388,.519,.907,227,11,5,1,5,8,84%,harpebr03
180,Michael Harris II,23,L,514,476,79,142,31,3,20,65,21,3,30,105,.298,.346,.502,.848,239,8,6,1,2,1,79%,harrimi04
181,Ke'Bryan Hayes,27,R,519,475,62,125,27,4,12,53,14,4,39,108,.263,.321,.413,.734,196,11,3,0,3,1,83%,hayeske01
182,Austin Hays,28,R,541,495,70,130,31,2,17,65,5,2,35,118,.263,.319,.436,.755,216,10,7,1,3,1,85%,haysau01
183,Austin Hedges,31,R,340,301,31,58,9,0,8,33,3,0,23,81,.193,.257,.302,.559,91,10,4,8,3,0,74%,hedgeau01
184,Jonah Heim,29,B,496,449,57,109,25,1,18,72,4,1,40,98,.243,.306,.423,.729,190,11,2,0,3,1,81%,heimjo01
185,Tyler Heineman,33,B,241,213,27,50,10,1,4,22,4,1,20,43,.235,.311,.347,.658,74,4,4,2,1,0,44%,heinety01
186,Gunnar Henderson,23,L,524,469,79,125,26,6,22,71,9,3,51,125,.267,.340,.488,.829,229,8,3,0,3,1,75%,hendegu01
187,David Hensley,28,R,250,223,33,50,9,1,7,25,4,1,24,64,.224,.304,.368,.672,82,5,2,0,1,0,34%,henslda01
188,Teoscar Hernández,31,R,593,545,74,146,30,1,26,89,9,3,37,166,.268,.320,.470,.790,256,10,6,0,3,1,86%,hernate01
189,Teoscar Hernández,31,R,593,545,74,146,30,1,26,89,9,3,37,166,.268,.320,.470,.790,256,10,6,0,3,1,86%,hernate01
190,Iván Herrera,24,R,224,197,27,51,10,1,6,26,4,1,21,51,.259,.339,.411,.750,81,4,4,1,2,0,20%,herreiv01
191,José Herrera,27,B,272,239,31,55,11,1,5,24,4,1,25,65,.230,.306,.347,.653,83,4,2,5,2,0,48%,herrejo04
192,Jason Heyward,34,L,404,362,50,87,20,1,12,40,5,2,34,79,.240,.311,.401,.711,145,7,4,0,2,1,75%,heywaja01
193,Kyle Higashioka,34,R,355,324,37,74,15,0,14,45,2,1,23,89,.228,.280,.404,.685,131,7,2,1,4,0,71%,higasky01
194,Kyle Higashioka,34,R,355,324,37,74,15,0,14,45,2,1,23,89,.228,.280,.404,.685,131,7,2,1,4,0,71%,higasky01
195,Sam Hilliard,30,L,259,231,36,52,10,1,9,28,7,1,25,77,.225,.305,.394,.699,91,3,2,0,1,1,61%,hillisa01
196,Nico Hoerner,27,R,596,539,78,153,26,4,11,64,30,5,43,80,.284,.346,.408,.754,220,11,10,1,4,2,83%,hoernni01
197,TJ Hopkins,27,R,222,199,29,48,9,1,6,23,5,1,18,55,.241,.312,.387,.699,77,4,3,0,1,0,15%,hopkitj01
198,Spencer Horwitz,26,L,222,198,28,51,10,1,7,28,4,1,20,51,.258,.333,.424,.758,84,4,3,0,1,0,15%,horwisp01
199,Sam Huff,26,R,236,213,26,54,10,1,9,26,4,1,20,62,.254,.322,.437,.759,93,4,2,0,1,1,39%,huffsa01
200,Cooper Hummel,29,B,233,206,26,44,10,2,6,23,5,1,23,62,.214,.297,.369,.666,76,5,2,0,1,0,44%,hummeco01
201,Andy Ibáñez,31,R,404,371,46,96,21,2,11,42,4,1,28,73,.259,.313,.415,.729,154,7,2,1,1,0,73%,ibanean01
202,Jonathan India,27,R,508,440,71,113,23,1,16,57,11,3,49,108,.257,.348,.423,.771,186,10,15,0,4,1,84%,indiajo01
203,Kyle Isbel,27,L,384,352,52,85,21,3,8,43,10,3,26,85,.241,.298,.386,.684,136,6,3,1,2,0,71%,isbelky01
204,Danny Jansen,29,R,375,332,50,81,18,0,19,59,3,0,33,77,.244,.324,.470,.793,156,5,7,0,2,1,72%,janseda01
205,Ryan Jeffers,27,R,391,345,48,85,17,2,15,49,3,2,36,107,.246,.326,.438,.764,151,8,6,2,2,1,74%,jeffery01
206,Eloy Jiménez,27,R,477,435,54,119,21,0,19,68,2,0,36,100,.274,.331,.453,.784,197,12,3,0,3,1,79%,jimenel02
207,Connor Joe,31,R,483,421,60,105,25,3,12,46,5,3,52,106,.249,.340,.409,.749,172,6,7,0,2,0,80%,joeco01
208,Jahmai Jones,26,R,206,185,25,44,10,1,6,24,5,1,17,51,.238,.307,.400,.707,74,4,2,0,1,0,18%,jonesja08
209,Nolan Jones,26,L,421,370,57,105,22,3,17,60,16,3,47,114,.284,.367,.497,.865,184,4,3,0,2,2,68%,jonesno01
210,Aaron Judge,32,R,499,417,82,118,19,0,37,82,8,2,74,128,.283,.392,.595,.986,248,9,3,0,4,8,85%,judgeaa01
211,Edouard Julien,25,L,404,344,58,92,17,1,16,42,5,1,55,110,.267,.370,.462,.833,159,8,3,1,3,0,63%,julieed01
212,Corey Julks,28,R,362,329,42,82,16,1,9,40,14,3,28,82,.249,.310,.386,.696,127,7,2,0,2,0,57%,julksco01
213,Josh Jung,26,R,468,430,64,113,22,2,20,64,4,2,31,129,.263,.317,.463,.780,199,7,4,0,2,0,71%,jungjo01
214,Jarred Kelenic,24,L,426,381,49,87,20,2,14,51,12,4,41,120,.228,.307,.402,.708,153,7,3,0,2,2,77%,kelenja01
215,Carson Kelly,29,R,311,274,35,63,13,1,8,34,3,0,30,68,.230,.310,.372,.682,102,7,3,0,3,0,73%,kellyca02
216,Buddy Kennedy,25,R,224,198,26,48,9,2,6,26,3,1,21,50,.242,.321,.399,.720,79,3,3,0,2,0,30%,kennebu01
217,Max Kepler,31,L,490,432,65,104,21,2,18,58,5,1,49,96,.241,.322,.424,.746,183,7,5,0,4,1,83%,keplema01
218,Grae Kessinger,26,R,223,198,26,49,10,1,7,23,4,2,20,51,.247,.321,.414,.735,82,4,2,0,1,0,16%,kessigr01
219,Carter Kieboom,26,R,247,220,30,51,9,0,8,27,3,1,22,59,.232,.309,.382,.691,84,6,3,0,1,1,50%,kieboca01
220,Kevin Kiermaier,34,L,426,385,57,97,20,4,10,42,12,2,32,101,.252,.314,.403,.716,155,7,4,1,3,1,77%,kiermke01
221,Ha-Seong Kim,28,R,571,501,68,126,25,2,15,60,23,5,57,113,.251,.332,.399,.731,200,9,5,3,4,1,84%,kimha01
222,Isiah Kiner-Falefa,29,R,434,395,51,103,17,1,7,42,16,4,29,71,.261,.317,.362,.679,143,10,5,1,3,1,83%,kineris01
223,Alex Kirilloff,26,L,375,337,42,89,17,1,12,50,3,1,29,87,.264,.331,.427,.758,144,6,6,0,3,1,71%,kirilal01
224,Alejandro Kirk,25,R,465,408,48,110,19,0,13,54,2,0,49,60,.270,.353,.412,.764,168,15,5,0,3,1,80%,kirkal01
225,Heston Kjerstad,25,L,217,194,27,49,10,1,8,26,4,1,19,50,.253,.324,.438,.762,85,4,2,0,1,0,12%,kjershe01
226,Andrew Knizner,29,R,350,314,40,72,15,0,9,37,3,1,28,80,.229,.302,.363,.665,114,10,5,1,1,1,71%,kniznan01
227,Ryan Kreidler,26,R,217,194,26,45,8,1,6,23,3,1,17,52,.232,.298,.376,.674,73,3,2,1,2,0,26%,kreidry01
228,Steven Kwan,26,L,623,552,84,155,29,6,8,54,19,3,61,74,.281,.355,.399,.753,220,9,5,1,5,2,84%,kwanst01
229,Shea Langeliers,26,R,460,418,51,94,21,3,19,61,5,2,34,127,.225,.288,.426,.713,178,10,4,1,3,1,72%,langesh01
230,Trevor Larnach,27,L,324,284,39,67,15,2,10,43,3,1,34,96,.236,.321,.408,.729,116,4,3,0,3,1,69%,larnatr01
231,Ramón Laureano,29,R,440,395,53,92,21,2,14,43,13,4,34,115,.233,.309,.403,.712,159,8,10,0,1,0,80%,laurera01
232,Jordan Lawlar,21,R,217,194,26,48,9,1,6,24,5,2,19,49,.247,.323,.397,.719,77,3,3,0,1,0,12%,lawlajo01
233,Korey Lee,25,R,238,215,25,45,10,1,6,26,4,1,20,57,.209,.282,.349,.630,75,4,2,0,1,0,27%,leeko01
234,DJ LeMahieu,35,R,535,470,63,119,20,1,13,47,4,2,58,97,.253,.338,.383,.721,180,13,4,0,3,1,85%,lemahdj01
235,Royce Lewis,25,R,324,293,46,85,14,1,16,56,7,1,27,69,.290,.355,.509,.863,149,7,3,0,1,0,53%,lewisro02
236,Francisco Lindor,30,B,614,540,89,138,25,3,25,86,20,4,58,121,.256,.335,.452,.787,244,9,9,1,5,2,87%,lindofr01
237,Andre Lipcius,26,R,219,196,26,51,10,1,7,26,4,1,19,48,.260,.330,.429,.759,84,4,2,0,1,0,14%,lipcian01
238,Nick Loftin,25,R,234,210,31,57,12,2,6,30,6,1,19,49,.271,.338,.433,.771,91,3,3,0,2,0,22%,loftini01
239,Nicky Lopez,29,L,379,336,47,86,13,3,3,30,12,2,31,58,.256,.324,.339,.664,114,6,4,6,2,0,80%,lopezni01
240,Nicky Lopez,29,L,379,336,47,86,13,3,3,30,12,2,31,58,.256,.324,.339,.664,114,6,4,6,2,0,80%,lopezni01
241,Otto Lopez,25,R,201,179,24,48,9,1,6,26,4,2,18,44,.268,.340,.430,.770,77,4,2,0,1,0,3%,lopezot01
242,Brandon Lowe,29,L,445,388,61,93,19,1,21,63,6,1,47,113,.240,.329,.456,.785,177,5,6,0,3,1,81%,lowebr01
243,Josh Lowe,26,L,470,431,64,119,29,2,16,66,23,2,35,118,.276,.332,.464,.796,200,6,2,1,2,2,73%,lowejo01
244,Nathaniel Lowe,28,L,627,552,76,152,29,3,20,73,4,1,68,145,.275,.358,.447,.805,247,14,4,0,2,2,87%,lowena01
245,Marco Luciano,22,R,223,198,27,51,11,1,6,23,5,1,22,53,.258,.336,.414,.750,82,3,2,0,1,0,16%,luciama01
246,Nathan Lukes,29,L,216,191,27,47,9,2,6,24,4,1,20,50,.246,.321,.408,.729,78,4,2,0,2,0,11%,lukesna01
247,Gavin Lux,26,L,247,220,33,58,10,3,5,27,4,1,25,52,.264,.339,.405,.743,89,3,1,0,2,1,72%,luxga01
248,Manny Machado,31,R,565,505,78,138,26,1,26,87,8,2,52,108,.273,.340,.483,.824,244,13,2,0,5,5,86%,machama01
249,Nick Madrigal,27,R,370,337,43,90,17,2,5,34,8,2,22,47,.267,.324,.374,.698,126,6,7,3,1,0,72%,madrini01
250,Luke Maile,33,R,320,285,33,68,16,0,8,35,4,1,26,78,.239,.311,.379,.690,108,9,5,1,2,0,62%,mailelu01
251,Martín Maldonado,37,R,441,393,43,76,14,1,15,44,2,0,35,135,.193,.267,.349,.616,137,9,5,5,1,0,80%,maldoma01
252,Tucupita Marcano,24,L,328,296,34,71,15,2,7,32,6,2,23,65,.240,.299,.375,.674,111,4,3,4,2,0,62%,marcatu01
253,Rafael Marchán,25,B,200,179,25,46,9,1,6,23,4,1,17,43,.257,.327,.419,.746,75,4,2,0,1,0,12%,marchra01
254,Manuel Margot,29,R,404,369,47,97,20,2,8,50,10,4,29,72,.263,.319,.393,.712,145,7,3,0,3,1,79%,margoma01
255,Cade Marlowe,27,L,250,222,33,56,10,2,8,30,7,2,25,63,.252,.332,.423,.755,94,4,2,0,1,0,29%,marloca01
256,Brandon Marsh,26,L,482,428,57,113,23,5,12,57,11,3,46,145,.264,.339,.425,.764,182,5,4,2,3,1,81%,marshbr02
257,Ketel Marte,30,B,581,513,78,138,33,5,19,69,7,1,58,104,.269,.347,.464,.810,238,13,5,0,4,2,85%,marteke01
258,Noelvi Marte,22,R,262,236,34,67,13,1,8,33,9,2,22,55,.284,.351,.449,.800,106,4,3,0,1,0,34%,marteno01
259,Starling Marte,35,R,421,382,58,105,17,2,11,45,25,5,27,85,.275,.337,.416,.753,159,10,9,1,1,1,82%,martest01
260,J.P. Martínez,28,L,222,199,29,49,9,1,7,26,4,1,18,54,.246,.311,.407,.718,81,4,2,0,3,0,15%,martijp01
261,Nick Martini,34,L,240,213,29,54,10,1,10,32,3,1,20,53,.254,.324,.451,.774,96,4,3,0,2,1,31%,martini02
262,Michael Massey,26,L,450,410,46,100,19,1,14,53,8,2,28,97,.244,.301,.398,.698,163,4,7,2,4,0,72%,massemi02
263,Miles Mastrobuoni,28,L,276,247,38,61,11,1,6,23,14,1,24,62,.247,.318,.372,.690,92,4,2,2,1,0,40%,mastrmi01
264,Jorge Mateo,29,R,428,391,57,90,20,3,11,42,29,6,26,107,.230,.283,.381,.664,149,7,4,3,3,0,79%,mateojo01
265,Nick Maton,27,L,355,308,42,69,14,1,11,44,4,2,39,89,.224,.316,.383,.700,118,4,4,1,3,1,65%,matonni01
266,Luis Matos,22,R,327,293,37,77,17,1,7,30,6,1,28,55,.263,.334,.399,.734,117,5,4,2,1,0,51%,matoslu02
267,Ronny Mauricio,23,B,254,230,31,60,11,1,7,29,10,1,21,60,.261,.327,.409,.735,94,5,2,0,1,0,31%,mauriro01
268,James McCann,34,R,332,301,33,68,14,1,9,37,4,1,22,84,.226,.287,.369,.656,111,8,5,1,3,0,72%,mccanja02
269,Jake McCarthy,26,L,391,349,53,92,15,4,8,37,25,4,32,84,.264,.334,.398,.732,139,5,6,3,2,0,73%,mccarja02
270,Chas McCormick,29,R,469,415,60,108,17,2,20,64,12,4,44,122,.260,.339,.455,.794,189,6,7,1,3,0,80%,mccorch01
271,Andrew McCutchen,37,R,495,424,59,101,21,0,16,56,9,3,61,110,.238,.337,.401,.738,170,9,4,0,4,1,84%,mccutan01
272,Reese McGuire,29,L,330,298,33,78,18,1,5,29,3,1,21,74,.262,.315,.379,.694,113,6,3,3,2,0,70%,mcguire01
273,Ryan McKenna,27,R,287,254,38,61,14,1,6,30,6,1,24,81,.240,.313,.374,.687,95,5,4,3,2,1,62%,mckenry01
274,Zach McKinstry,29,L,478,428,56,99,20,4,12,44,14,4,40,112,.231,.301,.381,.682,163,4,4,2,3,1,76%,mckinza01
275,Matt McLain,24,R,402,361,61,103,22,3,16,51,13,4,33,102,.285,.354,.496,.850,179,6,6,0,1,0,63%,mclaima01
276,Ryan McMahon,29,L,573,508,72,126,27,2,21,70,7,3,58,156,.248,.327,.433,.760,220,13,3,0,3,1,86%,mcmahry01
277,Jeff McNeil,32,L,583,525,70,148,28,2,11,56,8,0,39,73,.282,.345,.406,.751,213,7,13,1,3,0,85%,mcneije01
278,Curtis Mead,23,R,246,220,32,57,11,1,7,26,4,1,21,54,.259,.333,.414,.747,91,5,4,0,1,0,28%,meadcu01
279,Parker Meadows,24,L,273,240,36,60,11,2,8,30,10,1,28,63,.250,.333,.413,.746,99,3,3,0,2,1,38%,meadopa01
280,Wade Meckler,24,L,232,206,28,53,9,1,6,26,4,1,21,58,.257,.336,.398,.734,82,3,4,0,1,0,21%,mecklwa01
281,MJ Melendez,25,L,554,487,63,116,25,4,17,61,6,3,61,140,.238,.324,.411,.734,200,4,3,0,5,1,81%,melenmj01
282,Joey Meneses,32,R,553,508,65,142,30,1,16,74,3,1,36,115,.280,.330,.437,.767,222,16,4,0,3,1,78%,menesjo01
283,Matt Mervis,26,L,250,224,28,52,10,1,8,30,4,1,22,62,.232,.308,.393,.701,88,4,3,0,1,0,29%,mervima01
284,Jake Meyers,28,R,387,350,46,84,18,2,11,44,7,2,28,102,.240,.306,.397,.703,139,4,6,1,2,0,70%,meyerja02
285,Drew Millas,26,B,217,192,25,50,10,1,7,28,4,1,20,46,.260,.335,.432,.767,83,5,2,1,1,0,12%,milladr01
286,Owen Miller,27,R,404,368,43,92,21,1,8,42,9,1,27,84,.250,.304,.378,.682,139,8,4,0,5,1,77%,milleow01
287,José Miranda,26,R,324,296,33,76,15,0,10,41,2,1,22,61,.257,.318,.409,.727,121,11,5,0,1,0,69%,miranjo01
288,Garrett Mitchell,25,L,243,217,32,57,10,1,8,29,9,1,22,66,.263,.333,.429,.762,93,3,2,1,2,0,35%,mitchga01
289,Andruw Monasterio,27,R,358,319,45,83,16,1,7,37,8,2,32,76,.260,.333,.382,.716,122,9,4,0,2,0,57%,monasan01
290,Yoán Moncada,29,B,422,378,47,94,21,1,12,48,3,1,38,110,.249,.322,.405,.727,153,6,4,0,2,1,82%,moncayo01
291,Mickey Moniak,26,L,373,347,44,89,19,2,14,47,7,2,20,114,.256,.304,.444,.748,154,5,4,1,1,1,64%,moniami01
292,Elehuris Montero,25,R,372,342,48,85,21,2,13,46,3,1,23,111,.249,.303,.436,.739,149,7,5,0,3,0,65%,monteel01
293,Dylan Moore,31,R,308,266,39,58,13,2,10,34,16,5,32,87,.218,.317,.395,.712,105,5,7,0,1,1,71%,mooredy01
294,Christopher Morel,25,R,457,410,64,103,20,3,22,64,9,4,41,130,.251,.322,.476,.798,195,7,3,2,2,0,76%,morelch01
295,Gabriel Moreno,24,R,397,357,43,102,19,1,10,52,7,2,32,77,.286,.345,.429,.774,153,13,3,0,5,0,65%,morenga01
296,Ryan Mountcastle,27,R,496,448,62,118,22,1,21,72,5,2,38,120,.263,.323,.458,.780,205,11,4,0,6,1,85%,mountry01
297,Cedric Mullins,29,L,495,442,63,115,25,3,17,58,23,5,42,100,.260,.329,.446,.774,197,5,5,1,4,1,85%,mullice01
298,Max Muncy,33,L,546,458,79,101,20,1,28,83,3,1,76,133,.221,.336,.452,.788,207,6,6,0,4,3,85%,muncyma01
299,Sean Murphy,29,R,480,417,60,102,25,1,18,63,2,0,47,106,.245,.338,.439,.776,183,13,13,0,3,1,83%,murphse01
300,Tom Murphy,33,R,284,249,35,62,13,0,11,30,2,1,28,76,.249,.327,.434,.761,108,7,2,0,2,0,62%,murphto04
301,Símon Muzziotti,25,L,201,179,25,45,9,1,6,24,4,1,17,44,.251,.325,.413,.738,74,4,3,1,1,0,3%,muzzisi01
302,Dane Myers,28,R,235,213,30,55,11,1,7,29,5,2,17,55,.258,.316,.418,.734,89,4,2,0,2,0,23%,myersda01
303,Omar Narváez,32,L,303,267,31,63,13,1,7,29,2,0,28,60,.236,.312,.371,.683,99,6,3,1,3,1,73%,narvaom01
304,Bo Naylor,24,L,316,277,43,69,16,1,13,42,7,1,35,71,.249,.338,.455,.792,126,4,3,0,2,1,50%,naylobo01
305,Josh Naylor,27,L,497,451,54,127,29,0,18,80,9,2,37,81,.282,.339,.466,.805,210,12,5,0,5,5,81%,naylojo01
306,Zach Neto,23,R,365,322,45,79,19,1,11,42,7,1,27,81,.245,.324,.413,.737,133,6,12,1,3,0,58%,netoza01
307,Tyler Nevin,27,R,274,238,31,55,10,1,7,29,3,1,28,63,.231,.321,.370,.691,88,5,5,0,3,0,53%,nevinty01
308,Brandon Nimmo,31,L,608,526,84,144,27,5,18,60,5,3,67,122,.274,.366,.447,.813,235,7,11,2,3,0,86%,nimmobr01
309,Ryan Noda,28,L,448,377,57,90,20,1,15,51,5,1,61,135,.239,.355,.416,.771,157,5,8,0,2,1,67%,nodary01
310,Lars Nootbaar,26,L,486,416,71,106,22,2,17,53,10,2,64,99,.255,.354,.440,.794,183,6,2,1,4,2,78%,nootbla01
311,Ryan O'Hearn,30,L,399,367,47,96,19,2,13,55,5,1,23,94,.262,.310,.431,.740,158,6,4,1,3,1,73%,ohearry01
312,Logan O'Hoppe,24,R,301,271,37,69,12,1,15,41,3,1,25,67,.255,.322,.472,.795,128,6,3,0,2,0,47%,ohopplo01
313,Tyler O'Neill,29,R,371,330,51,83,16,1,16,48,11,2,34,99,.252,.326,.452,.778,149,7,4,0,3,0,79%,oneilty01
314,Tyler O'Neill,29,R,371,330,51,83,16,1,16,48,11,2,34,99,.252,.326,.452,.778,149,7,4,0,3,0,79%,oneilty01
315,Shohei Ohtani,29,L,566,484,87,135,25,6,35,85,17,7,74,141,.279,.377,.572,.949,277,7,4,0,3,14,86%,ohtansh01
316,Shohei Ohtani,29,L,566,484,87,135,25,6,35,85,17,7,74,141,.279,.377,.572,.949,277,7,4,0,3,14,86%,ohtansh01
317,Edward Olivares,28,R,410,373,52,99,21,2,13,42,10,5,27,77,.265,.324,.437,.761,163,7,7,1,3,1,71%,olivaed02
318,Matt Olson,30,L,630,541,95,144,31,1,38,105,3,1,78,139,.266,.361,.538,.899,291,13,5,0,5,7,88%,olsonma02
319,Jonathan Ornelas,24,R,204,182,27,46,9,1,7,24,4,1,18,46,.253,.328,.429,.757,78,4,3,0,1,1,3%,orneljo01
320,Joey Ortiz,25,R,217,196,27,49,10,1,6,26,4,1,17,49,.250,.313,.403,.716,79,5,2,0,2,0,12%,ortizjo06
321,James Outman,27,L,485,418,73,108,17,2,19,61,13,2,55,140,.258,.355,.445,.800,186,5,9,0,3,1,71%,outmaja01
322,Marcell Ozuna,33,R,547,494,69,123,23,1,29,76,3,1,46,127,.249,.315,.476,.791,235,11,3,0,3,1,82%,ozunama01
323,Cristian Pache,25,R,274,247,29,53,11,2,6,27,4,3,21,70,.215,.280,.348,.629,86,5,2,2,1,0,59%,pachecr01
324,Joshua Palacios,28,L,337,308,40,74,13,2,11,44,7,1,21,76,.240,.296,.403,.698,124,7,4,2,2,0,58%,palacjo01
325,Richie Palacios,27,L,263,237,27,60,13,1,8,32,5,1,21,48,.253,.319,.418,.737,99,4,3,1,2,1,46%,palacri01
326,Richie Palacios,27,L,263,237,27,60,13,1,8,32,5,1,21,48,.253,.319,.418,.737,99,4,3,1,2,1,46%,palacri01
327,Isaac Paredes,25,R,524,455,67,111,23,1,26,77,3,1,56,95,.244,.340,.470,.811,214,12,12,0,3,1,79%,paredis01
328,Kyren Paris,22,R,223,198,27,47,9,1,6,24,7,1,20,53,.237,.315,.384,.699,76,3,3,1,1,0,16%,parisky01
329,Vinnie Pasquantino,26,L,360,317,37,85,18,0,12,38,3,1,37,54,.268,.350,.438,.788,139,8,4,0,2,2,67%,pasquvi01
330,Liover Peguero,23,R,307,279,35,71,10,1,10,38,8,2,23,80,.254,.316,.405,.721,113,7,3,2,2,0,47%,pegueli01
331,Jeremy Peña,26,R,573,523,75,138,26,2,16,59,13,5,36,124,.264,.318,.413,.731,216,8,7,1,3,1,82%,penaje02
332,Oswald Peraza,24,R,301,269,33,65,14,1,7,29,7,3,25,68,.242,.319,.379,.698,102,5,6,0,1,0,50%,perazos02
333,Geraldo Perdomo,24,B,498,423,67,100,18,3,8,48,13,3,57,94,.236,.333,.350,.683,148,4,6,10,3,1,79%,perdoge01
334,Everson Pereira,23,R,252,225,27,52,11,1,6,30,7,1,22,66,.231,.310,.369,.678,83,4,4,0,1,0,30%,pereiev01
335,Salvador Pérez,34,R,537,497,60,128,22,1,26,82,2,0,24,128,.258,.302,.463,.765,230,11,10,0,5,3,85%,perezsa02
336,Blake Perkins,27,B,284,248,41,60,13,1,8,34,7,2,31,69,.242,.330,.399,.729,99,5,2,2,1,0,41%,perkibl01
337,Jace Peterson,34,L,448,391,49,90,15,3,10,45,15,2,47,107,.230,.317,.361,.677,141,8,4,2,3,2,78%,peterja01
338,Israel Pineda,24,R,201,180,25,45,9,1,6,24,4,1,18,46,.250,.323,.411,.734,74,4,2,0,1,0,4%,pinedis01
339,René Pinto,27,R,261,241,28,60,10,1,10,34,3,1,16,73,.249,.300,.423,.723,102,6,2,0,1,0,42%,pintore02
340,Jorge Polanco,30,B,416,366,53,93,20,1,17,57,6,2,43,91,.254,.334,.454,.788,166,4,3,0,4,0,82%,polanjo01
341,Nick Pratto,25,L,391,345,42,81,19,1,11,44,3,1,36,128,.235,.313,.391,.704,135,7,5,1,4,0,67%,prattni01
342,Ceddanne Rafaela,23,R,245,221,31,57,13,1,8,26,6,2,19,59,.258,.322,.434,.757,96,5,3,0,2,0,27%,rafaece01
343,Cal Raleigh,27,B,526,473,65,108,25,1,27,71,3,0,48,144,.228,.302,.457,.758,216,7,3,0,3,1,80%,raleica01
344,Luke Raley,29,L,410,362,52,88,20,2,16,46,11,2,31,118,.243,.325,.442,.767,160,4,14,1,2,1,68%,raleylu01
345,Harold Ramírez,29,R,461,423,54,123,23,1,11,63,6,3,25,83,.291,.337,.428,.765,181,8,7,0,5,1,81%,ramirha02
346,José Ramírez,31,B,614,540,85,148,34,4,26,90,23,5,64,81,.274,.352,.496,.848,268,8,4,0,6,14,87%,ramirjo01
347,Heliot Ramos,24,R,232,209,28,49,11,1,7,23,4,1,20,56,.234,.306,.397,.703,83,5,2,0,1,0,24%,ramoshe02
348,J.T. Realmuto,33,R,526,471,67,123,25,4,19,69,17,3,40,124,.261,.328,.452,.780,213,9,9,0,4,2,85%,realmjt01
349,Rob Refsnyder,33,R,339,293,44,76,15,1,7,38,7,2,36,77,.259,.349,.389,.738,114,8,6,1,3,0,67%,refsnro01
350,Anthony Rendon,34,R,311,267,34,64,14,0,7,39,4,0,35,58,.240,.334,.371,.705,99,10,5,0,4,1,67%,rendoan01
351,Hunter Renfroe,32,R,526,476,66,118,27,1,24,70,2,1,42,120,.248,.310,.460,.771,219,11,3,1,4,0,85%,renfrhu01
352,Luis Rengifo,27,B,474,432,54,113,18,3,17,53,7,3,32,85,.262,.318,.435,.753,188,7,5,1,3,0,80%,rengilu01
353,Pablo Reyes,30,R,294,264,39,70,14,1,6,30,9,2,25,52,.265,.331,.394,.725,104,5,2,1,2,1,51%,reyespa01
354,Bryan Reynolds,29,B,581,514,77,140,26,5,23,73,9,2,55,123,.272,.349,.477,.826,245,11,8,0,4,4,86%,reynobr01
355,Austin Riley,27,R,627,557,92,159,32,2,32,90,3,1,53,149,.285,.355,.522,.878,291,13,11,0,7,2,87%,rileyau01
356,Alfonso Rivas,27,L,290,257,30,63,12,2,7,31,5,1,26,78,.245,.322,.389,.711,100,3,4,1,2,1,61%,rivasal01
357,Alfonso Rivas,27,L,290,257,30,63,12,2,7,31,5,1,26,78,.245,.322,.389,.711,100,3,4,1,2,1,61%,rivasal01
358,Emmanuel Rivera,28,R,377,342,47,86,17,1,10,41,4,1,29,81,.251,.313,.395,.708,135,9,3,0,3,0,72%,riverem01
359,Anthony Rizzo,34,L,465,404,58,96,18,1,19,54,4,3,43,92,.238,.332,.428,.760,173,11,15,0,2,2,83%,rizzoan01
360,Luis Robert Jr.,26,R,538,495,78,140,31,1,26,74,16,3,30,128,.283,.333,.507,.840,251,9,8,0,2,3,82%,roberlu01
361,Víctor Robles,27,R,304,267,34,64,12,1,5,25,11,3,22,67,.240,.314,.348,.663,93,5,8,5,2,1,74%,roblevi01
362,Brayan Rocchio,23,B,243,220,30,57,13,1,6,28,4,1,19,58,.259,.321,.409,.730,90,6,2,0,2,0,26%,rocchbr01
363,Brendan Rodgers,27,R,354,323,43,87,18,2,10,41,2,0,25,69,.269,.328,.430,.758,139,11,4,0,2,0,79%,rodgebr02
364,Endy Rodríguez,24,B,302,272,40,67,13,2,8,29,3,1,27,68,.246,.317,.397,.714,108,5,2,0,2,0,46%,rodrien01
365,Julio Rodríguez,23,R,613,558,91,159,31,2,29,88,30,7,45,145,.285,.347,.504,.850,281,10,9,0,2,4,83%,rodriju01
366,Jake Rogers,29,R,383,344,49,81,14,2,19,50,4,1,31,111,.235,.303,.453,.756,156,6,3,2,2,0,65%,rogerja03
367,Johan Rojas,23,R,282,253,39,71,14,2,7,37,15,1,19,65,.281,.342,.435,.777,110,4,5,5,1,0,41%,rojasjo03
368,Josh Rojas,30,L,426,376,55,98,22,1,8,45,14,2,41,94,.261,.333,.388,.722,146,6,2,2,4,1,82%,rojasjo01
369,Miguel Rojas,35,R,462,422,48,103,20,2,8,39,10,3,30,66,.244,.300,.358,.658,151,11,5,1,3,0,83%,rojasmi02
370,Brent Rooker,29,R,467,412,54,98,19,1,22,56,5,1,41,139,.238,.320,.449,.769,185,9,10,0,3,1,74%,rookebr01
371,Ben Rortvedt,26,L,240,213,26,45,8,1,8,24,3,1,23,56,.211,.293,.371,.664,79,4,2,1,1,0,36%,rortvbe01
372,Eguy Rosario,24,R,219,197,28,51,9,2,8,28,4,1,18,51,.259,.326,.447,.772,88,4,2,0,1,0,15%,rosareg01
373,Esteury Ruiz,25,R,452,408,48,105,22,2,8,47,48,9,25,91,.257,.316,.380,.696,155,7,11,3,2,1,69%,ruizes01
374,Keibert Ruiz,25,B,524,480,52,126,24,0,15,60,5,1,35,67,.263,.321,.406,.727,195,11,7,1,2,1,80%,ruizke01
375,Adley Rutschman,26,B,591,507,79,138,33,1,18,67,4,1,77,99,.272,.370,.448,.818,227,10,4,0,4,3,82%,rutscad01
376,Blake Sabol,26,L,372,334,43,83,14,1,14,48,6,2,29,106,.249,.318,.422,.740,141,5,6,2,2,0,59%,sabolbl01
377,César Salazar,28,L,210,188,25,45,9,1,6,23,4,1,18,48,.239,.311,.394,.705,74,4,2,0,1,0,7%,salazce01
378,Ali Sánchez,27,R,200,179,25,46,10,1,7,24,4,1,17,44,.257,.327,.441,.768,79,4,2,0,1,1,1%,sanchal04
379,Jesús Sánchez,26,L,435,392,50,97,21,3,17,55,4,1,38,113,.247,.319,.446,.765,175,10,4,1,2,1,78%,sanchje02
380,Anthony Santander,29,B,593,533,73,133,31,1,26,81,4,2,48,128,.250,.319,.458,.777,244,12,8,0,4,1,86%,santaan02
381,Nolan Schanuel,22,L,266,231,37,63,10,1,7,26,4,1,31,50,.273,.367,.416,.783,96,4,4,0,1,1,35%,schanno01
382,Casey Schmitt,25,R,339,306,39,71,17,1,9,40,5,1,23,76,.232,.294,.382,.676,117,7,5,2,3,0,54%,schmica01
383,Davis Schneider,25,R,271,234,39,63,17,1,12,36,4,1,31,67,.269,.365,.504,.870,118,5,5,0,1,0,37%,schneda03
384,Kyle Schwarber,31,L,627,528,94,118,21,2,40,89,5,2,90,178,.223,.340,.498,.838,263,7,5,0,3,3,87%,schwaky01
385,Corey Seager,30,L,534,474,78,135,30,1,27,79,4,1,50,91,.285,.356,.523,.879,248,10,5,0,5,5,85%,seageco01
386,Marcus Semien,33,R,649,582,97,152,32,3,28,83,17,4,56,113,.261,.328,.471,.798,274,7,4,0,5,1,88%,semiema01
387,Nick Senzel,29,R,407,365,53,88,14,0,11,40,8,4,33,82,.241,.308,.370,.678,135,9,3,1,2,0,76%,senzeni01
388,Brian Serven,29,R,232,210,25,48,8,1,7,23,3,1,17,54,.229,.291,.376,.667,79,6,2,1,1,0,44%,servebr01
389,Gavin Sheets,28,L,413,373,39,88,17,0,15,56,2,0,33,85,.236,.300,.402,.702,150,8,3,0,4,1,76%,sheetga01
390,Braden Shewmake,26,L,202,181,25,45,9,1,7,24,4,1,17,45,.249,.318,.425,.744,77,4,2,0,1,1,2%,shewmbr01
391,Zack Short,29,R,328,286,33,60,12,1,10,41,7,1,34,85,.210,.292,.364,.656,104,5,1,2,4,1,61%,shortza01
392,Michael Siani,24,L,205,185,25,45,9,1,6,23,5,2,17,46,.243,.312,.400,.712,74,4,2,0,1,0,10%,sianimi01
393,Jon Singleton,32,L,253,223,30,50,10,1,7,30,4,1,25,57,.224,.306,.372,.678,83,5,2,0,2,0,30%,singljo02
394,José Siri,28,R,415,380,64,88,16,2,19,51,15,3,27,129,.232,.287,.434,.722,165,6,4,1,3,0,73%,sirijo01
395,Austin Slater,31,R,336,296,44,76,15,1,10,36,10,2,34,88,.257,.340,.416,.756,123,7,4,0,1,1,73%,slateau01
396,Josh H. Smith,26,L,341,293,40,64,12,1,8,29,5,2,35,74,.218,.318,.348,.666,102,4,9,2,3,0,64%,smithjo11
397,Pavin Smith,28,L,342,302,40,72,13,1,10,39,3,1,35,72,.238,.320,.387,.707,117,5,2,0,2,1,76%,smithpa04
398,Will Smith,29,R,535,457,72,119,22,2,21,77,4,0,57,96,.260,.353,.455,.808,208,10,13,0,8,3,85%,smithwi05
399,Canaan Smith-Njigba,25,L,219,194,27,47,10,2,6,27,5,1,20,53,.242,.320,.407,.727,79,4,3,0,2,0,15%,smithca05
400,Tyler Soderstrom,22,L,269,241,29,55,9,1,8,26,4,1,24,66,.228,.304,.373,.677,90,7,3,0,2,0,37%,soderty01
401,Edmundo Sosa,28,R,369,335,46,85,17,4,10,39,7,3,18,85,.254,.311,.418,.729,140,10,11,2,2,1,73%,sosaed01
402,Lenyn Sosa,24,R,290,266,30,61,12,1,10,30,3,1,18,66,.229,.281,.395,.676,105,6,2,2,2,1,46%,sosale01
403,Juan Soto,25,L,620,497,92,138,26,2,28,84,10,4,119,102,.278,.418,.507,.925,252,15,3,1,3,10,87%,sotoju01
404,Juan Soto,25,L,620,497,92,138,26,2,28,84,10,4,119,102,.278,.418,.507,.925,252,15,3,1,3,10,87%,sotoju01
405,Livan Soto,24,L,212,189,28,54,11,1,6,26,4,1,19,46,.286,.354,.450,.804,85,4,2,1,2,0,20%,sotoli01
406,George Springer,34,R,600,532,84,137,24,2,23,72,15,3,55,117,.258,.332,.440,.772,234,13,6,0,3,1,85%,springe01
407,Jacob Stallings,34,R,376,333,33,75,16,1,7,37,2,1,35,84,.225,.305,.342,.647,114,11,4,1,2,0,78%,stallja01
408,Giancarlo Stanton,34,R,453,401,51,90,13,0,26,69,2,0,46,128,.224,.306,.451,.757,181,12,2,0,2,2,82%,stantmi03
409,Max Stassi,33,R,238,211,27,46,9,1,7,24,2,0,22,67,.218,.300,.370,.669,78,6,3,0,1,0,67%,stassma01
410,Spencer Steer,26,R,543,477,64,127,29,2,18,68,12,3,55,115,.266,.350,.449,.799,214,8,8,0,3,0,76%,steersp01
411,Michael Stefanic,28,R,242,215,26,54,10,1,5,23,3,1,22,47,.251,.331,.377,.707,81,4,4,1,1,0,34%,stefami01
412,Tyler Stephenson,27,R,477,425,60,114,21,1,14,60,2,1,43,112,.268,.340,.421,.762,179,13,5,0,3,1,79%,stephty01
413,DJ Stewart,30,L,293,255,35,60,12,0,12,36,3,1,30,78,.235,.329,.424,.752,108,4,6,1,1,1,61%,stewadj01
414,Trevor Story,31,R,324,291,41,70,17,1,12,42,12,2,26,87,.241,.310,.430,.739,125,5,4,0,2,1,78%,storytr01
415,Bryson Stott,26,L,567,515,71,137,27,2,14,60,23,3,41,100,.266,.323,.408,.731,210,8,5,1,5,1,81%,stottbr01
416,Kyle Stowers,26,L,226,204,26,49,9,1,7,25,3,1,18,56,.240,.310,.397,.707,81,5,3,0,1,0,32%,stoweky01
417,Myles Straw,29,R,519,462,62,113,21,2,4,36,21,4,47,94,.245,.315,.325,.639,150,8,2,3,4,0,85%,strawmy01
418,Garrett Stubbs,31,L,275,245,35,58,11,2,7,31,5,1,24,63,.237,.311,.384,.695,94,4,3,2,1,0,50%,stubbga01
419,Eugenio Suárez,32,R,610,530,69,121,25,1,25,83,2,1,63,181,.228,.318,.421,.739,223,11,10,0,7,0,87%,suareeu01
420,Eugenio Suárez,32,R,610,530,69,121,25,1,25,83,2,1,63,181,.228,.318,.421,.739,223,11,10,0,7,0,87%,suareeu01
421,Brett Sullivan,30,L,243,220,27,53,10,1,7,26,4,1,19,55,.241,.305,.391,.695,86,4,2,0,2,0,26%,sullibr01
422,Jack Suwinski,25,L,504,433,62,100,20,1,24,65,11,2,62,146,.231,.333,.448,.781,194,5,6,0,4,2,78%,suwinja01
423,Seiya Suzuki,29,R,536,475,68,130,27,4,18,64,9,6,52,123,.274,.347,.461,.808,219,9,4,0,5,3,80%,suzukse01
424,Dansby Swanson,30,R,589,529,77,136,26,2,22,78,12,3,51,146,.257,.325,.439,.763,232,9,4,0,4,1,87%,swansda01
425,Fernando Tatis Jr.,25,R,518,462,80,126,28,1,26,74,23,3,49,120,.273,.344,.506,.851,234,10,3,1,3,2,80%,tatisfe02
426,Mike Tauchman,33,L,401,345,56,82,17,0,10,45,8,2,48,94,.238,.336,.374,.710,129,4,4,1,2,1,68%,tauchmi01
427,Leody Taveras,25,B,511,468,61,121,25,3,12,58,16,4,35,117,.259,.312,.402,.713,188,5,3,2,4,0,80%,taverle01
428,Chris Taylor,33,R,437,385,56,92,20,2,14,53,13,2,44,134,.239,.323,.410,.734,158,4,5,0,2,2,82%,tayloch03
429,Samad Taylor,25,R,235,208,32,51,10,2,6,25,11,1,22,57,.245,.321,.399,.720,83,4,2,1,2,0,22%,taylosa04
430,Tyrone Taylor,30,R,362,332,47,80,19,2,15,49,8,1,22,84,.241,.298,.446,.744,148,10,6,0,2,0,75%,tayloty01
431,Rowdy Tellez,29,L,435,387,45,89,16,1,20,59,2,1,41,94,.230,.306,.432,.738,167,12,3,0,3,4,81%,tellero01
432,Rowdy Tellez,29,L,435,387,45,89,16,1,20,59,2,1,41,94,.230,.306,.432,.738,167,12,3,0,3,4,81%,tellero01
433,José Tena,23,L,217,194,26,50,11,1,6,26,4,1,20,51,.258,.332,.418,.749,81,4,2,0,1,0,12%,tenajo01
434,Matt Thaiss,29,L,362,314,41,72,10,1,11,39,5,1,39,91,.229,.321,.373,.694,117,6,5,0,3,1,61%,thaisma01
435,Alek Thomas,24,L,442,406,55,99,20,3,11,47,9,2,27,88,.244,.295,.389,.684,158,6,4,1,4,1,75%,thomaal01
436,Lane Thomas,28,R,596,539,80,138,30,3,22,69,15,4,44,145,.256,.318,.445,.763,240,8,7,0,5,0,84%,thomala02
437,Bubba Thompson,26,R,248,225,31,56,11,1,5,23,14,3,17,63,.249,.308,.373,.681,84,3,3,2,2,0,46%,thompbu01
438,Michael Toglia,25,B,288,262,34,58,13,2,8,29,4,2,23,80,.221,.288,.378,.666,99,5,2,0,1,0,51%,toglimi01
439,Spencer Torkelson,24,R,582,517,72,122,28,1,22,71,4,1,57,138,.236,.317,.422,.738,218,13,6,0,4,1,81%,torkesp01
440,Abraham Toro,27,B,246,221,29,51,9,1,8,30,3,1,19,45,.231,.298,.389,.687,86,3,3,0,2,0,69%,toroab01
441,Abraham Toro,27,B,246,221,29,51,9,1,8,30,3,1,19,45,.231,.298,.389,.687,86,3,3,0,2,0,69%,toroab01
442,Gleyber Torres,27,R,593,532,75,142,27,1,21,68,13,5,54,111,.267,.336,.440,.775,234,14,3,1,4,1,86%,torregl01
443,Ezequiel Tovar,22,R,511,475,67,125,30,3,14,63,10,3,29,126,.263,.309,.427,.737,203,8,4,1,3,0,73%,tovarez01
444,Taylor Trammell,26,L,240,210,31,45,11,0,9,29,4,2,25,70,.214,.305,.395,.701,83,4,3,1,1,0,52%,trammta01
445,Jose Trevino,31,R,319,296,33,71,12,1,9,35,3,1,18,59,.240,.286,.378,.665,112,8,2,1,2,0,72%,trevijo01
446,Jared Triolo,26,R,305,268,42,75,14,1,8,35,8,1,31,78,.280,.361,.429,.790,115,3,4,0,2,0,47%,triolja01
447,Mike Trout,32,R,431,373,66,101,21,2,25,59,4,0,49,117,.271,.363,.539,.902,201,5,6,0,2,5,78%,troutmi01
448,Kyle Tucker,27,L,598,524,82,147,33,3,28,100,24,4,63,93,.281,.356,.515,.872,270,10,2,0,6,5,86%,tuckeky01
449,Brice Turang,24,L,424,381,48,90,13,3,9,40,21,3,37,89,.236,.306,.357,.663,136,8,2,2,2,1,65%,turanbr02
450,Trea Turner,31,R,616,566,91,163,32,4,22,76,27,2,42,122,.288,.341,.475,.816,269,12,5,0,3,1,87%,turnetr01
451,Luis Urías,27,R,336,288,41,70,14,1,11,39,3,1,36,71,.243,.341,.413,.755,119,6,8,0,2,1,79%,uriaslu01
452,Luis Urías,27,R,336,288,41,70,14,1,11,39,3,1,36,71,.243,.341,.413,.755,119,6,8,0,2,1,79%,uriaslu01
453,Ramón Urías,30,R,443,398,51,104,21,2,11,51,4,1,34,105,.261,.329,.407,.736,162,8,7,1,2,1,79%,uriasra01
454,Enmanuel Valdez,25,L,275,249,34,65,14,1,10,35,8,1,21,63,.261,.325,.446,.771,111,6,3,0,1,0,38%,valdeen01
455,Ildemaro Vargas,32,B,365,334,39,82,17,2,7,40,4,1,24,50,.246,.300,.371,.672,124,10,3,2,2,1,68%,vargail01
456,Miguel Vargas,24,R,357,310,44,69,17,3,10,42,6,2,38,75,.223,.312,.394,.705,122,3,4,1,4,1,59%,vargami01
457,Daulton Varsho,27,L,550,495,69,117,24,3,21,65,15,5,45,126,.236,.305,.424,.729,210,7,5,1,3,1,84%,varshda01
458,Andrew Vaughn,26,R,563,512,66,135,28,1,19,73,2,1,39,111,.264,.324,.434,.758,222,14,9,0,4,0,85%,vaughan01
459,Christian Vázquez,33,R,420,386,43,96,19,1,8,45,4,2,28,83,.249,.301,.365,.666,141,11,2,1,3,1,81%,vazquch01
460,Nelson Velázquez,25,R,310,278,44,66,12,2,16,46,5,1,27,81,.237,.311,.468,.778,130,6,3,0,1,0,59%,velazne01
461,Nelson Velázquez,25,R,310,278,44,66,12,2,16,46,5,1,27,81,.237,.311,.468,.778,130,6,3,0,1,0,59%,velazne01
462,Alex Verdugo,28,L,565,513,75,142,33,3,13,61,5,3,43,89,.277,.335,.429,.763,220,11,4,0,5,2,86%,verdual01
463,Alex Verdugo,28,L,565,513,75,142,33,3,13,61,5,3,43,89,.277,.335,.429,.763,220,11,4,0,5,2,86%,verdual01
464,Mark Vientos,24,R,321,292,33,68,11,1,12,35,4,1,23,83,.233,.296,.401,.697,117,6,4,0,2,0,53%,vientma01
465,Matt Vierling,27,R,501,452,61,118,20,4,11,47,9,5,40,105,.261,.325,.396,.721,179,9,5,1,4,1,78%,vierlma01
466,David Villar,27,R,288,254,34,56,12,1,11,34,3,2,26,78,.220,.306,.406,.711,103,5,6,0,2,0,54%,villada01
467,Anthony Volpe,23,R,501,449,57,103,21,3,18,55,19,4,45,126,.229,.305,.410,.715,184,8,5,1,2,0,71%,volpean01
468,LaMonte Wade Jr.,30,L,485,415,61,103,17,2,17,53,5,1,56,99,.248,.344,.422,.765,175,4,6,3,3,2,80%,wadela01
469,Christian Walker,33,R,597,527,76,131,28,2,27,83,6,1,56,123,.249,.326,.463,.789,244,12,7,0,6,2,86%,walkech02
470,Jordan Walker,22,R,433,389,52,109,19,2,16,52,8,3,37,93,.280,.350,.463,.813,180,8,6,0,2,0,66%,walkejo02
471,Forrest Wall,28,L,208,185,29,49,11,1,7,25,8,2,19,47,.265,.338,.449,.787,83,4,2,0,1,0,6%,wallfo01
472,Matt Wallner,26,L,334,289,47,73,15,1,15,49,5,1,33,92,.253,.350,.467,.817,135,3,11,0,1,1,56%,wallnma01
473,Taylor Walls,27,B,421,368,53,76,17,2,9,40,16,2,48,106,.207,.301,.337,.638,124,5,2,1,1,0,78%,wallsta01
474,Taylor Ward,30,R,461,404,63,106,21,1,17,55,5,2,45,97,.262,.341,.446,.787,180,8,6,1,5,0,81%,wardta01
475,Drew Waters,25,B,379,338,48,83,16,4,12,44,13,3,34,108,.246,.319,.423,.742,143,5,4,0,3,0,64%,waterdr01
476,Austin Wells,24,L,238,214,29,54,13,1,9,32,4,1,18,50,.252,.314,.449,.762,96,6,2,0,2,0,24%,wellsau01
477,Joey Wendle,34,L,396,365,44,89,22,2,6,37,10,3,21,79,.244,.292,.364,.656,133,8,5,1,3,1,79%,wendljo01
478,Jordan Westburg,25,R,314,283,39,74,19,2,8,36,6,1,25,72,.261,.325,.428,.752,121,5,3,0,3,0,49%,westbjo01
479,Joey Wiemer,25,R,405,362,50,83,19,1,14,46,11,3,37,103,.229,.308,.403,.711,146,5,5,0,2,0,63%,wiemejo01
480,Alika Williams,25,R,256,229,27,55,12,1,6,26,4,1,22,63,.240,.314,.380,.694,87,5,3,1,1,0,32%,willial04
481,Weston Wilson,29,R,211,185,28,47,9,1,7,25,7,2,22,48,.254,.338,.427,.765,79,4,2,0,1,0,8%,wilsowe01
482,Masyn Winn,22,R,269,239,28,56,10,1,7,30,5,1,23,55,.234,.303,.372,.676,89,4,2,2,3,0,36%,winnma01
483,Patrick Wisdom,32,R,404,359,54,79,17,1,23,56,6,2,38,137,.220,.303,.465,.768,167,7,5,1,1,1,80%,wisdopa01
484,Brett Wisely,25,L,266,239,29,55,12,1,7,27,5,2,22,65,.230,.298,.377,.675,90,5,2,1,2,0,35%,wiselbr01
485,Bobby Witt Jr.,24,R,610,562,85,154,28,7,24,84,37,9,37,116,.274,.321,.477,.798,268,10,5,1,6,1,83%,wittbo02
486,Connor Wong,28,R,407,369,55,89,23,2,11,42,8,2,28,118,.241,.304,.404,.707,149,5,6,2,2,0,66%,wongco01
487,Mike Yastrzemski,33,L,446,390,60,89,24,2,17,52,4,1,47,112,.228,.317,.431,.748,168,5,5,1,3,2,83%,yastrmi01
488,Christian Yelich,32,L,583,503,89,131,26,2,15,63,20,3,73,135,.260,.357,.410,.767,206,10,4,0,2,5,86%,yelicch01
489,Masataka Yoshida,30,L,490,448,60,125,26,2,14,61,8,1,33,81,.279,.335,.440,.775,197,15,6,0,2,0,71%,yoshima02
490,Jacob Young,24,R,261,232,29,60,13,1,6,30,14,1,23,53,.259,.332,.401,.733,93,5,3,3,1,0,34%,youngja03
491,Jared Young,28,L,226,202,29,49,9,3,7,27,6,1,20,54,.243,.319,.421,.739,85,4,3,0,1,0,21%,youngja02
492,Jared Young,28,L,226,202,29,49,9,3,7,27,6,1,20,54,.243,.319,.421,.739,85,4,3,0,1,0,21%,youngja02
493,Seby Zavala,30,R,317,282,35,64,13,0,9,35,3,1,25,96,.227,.296,.369,.665,104,5,4,3,3,0,64%,zavalse01