Rk,Name,Age,T,W,L,W-L%,ERA,SV,IP,H,R,ER,HR,BB,IBB,SO,HBP,BK,WP,BF,WHIP,H9,HR9,BB9,SO9,SO/W,Rel,Name-additional
1,Andrew Abbott,25,L,8,6,.571,4.03,2,114.0,104,53,51,16,44,1,123,3,1,2,485,1.298,8.2,1.3,3.5,9.7,2.80,53%,abbotan01
2,Bryan Abreu,27,R,4,2,.667,3.09,3,67.0,53,26,23,7,27,0,82,3,0,3,279,1.194,7.1,0.9,3.6,11.0,3.04,56%,abreubr01
3,Jason Adam,32,R,3,3,.500,3.41,7,58.0,45,25,22,7,21,1,65,6,0,2,241,1.138,7.0,1.1,3.3,10.1,3.10,50%,adamja01
4,Austin Adams,33,R,2,2,.500,4.50,1,34.0,30,19,17,4,15,0,36,5,0,2,148,1.324,7.9,1.1,4.0,9.5,2.40,29%,adamsau02
5,Ty Adcock,27,R,2,2,.500,4.09,1,33.0,30,17,15,5,10,0,31,1,0,1,138,1.212,8.2,1.4,2.7,8.5,3.10,13%,adcocty01
6,Joan Adon,25,R,4,8,.333,5.46,1,89.0,93,56,54,12,40,2,85,5,0,7,400,1.494,9.4,1.2,4.0,8.6,2.13,53%,adonjo01
7,Keegan Akin,29,L,2,3,.400,4.78,1,49.0,50,29,26,7,17,1,48,1,0,2,211,1.367,9.2,1.3,3.1,8.8,2.82,54%,akinke01
8,Jorge Alcalá,28,R,2,2,.500,4.50,1,34.0,30,18,17,5,13,0,33,2,0,1,143,1.265,7.9,1.3,3.4,8.7,2.54,28%,alcaljo01
9,Sandy Alcántara,28,R,9,10,.474,3.50,1,175.0,154,75,68,19,47,1,157,7,1,4,713,1.149,7.9,1.0,2.4,8.1,3.34,80%,alcansa01
10,Tyler Alexander,29,L,3,4,.429,4.50,1,68.0,68,37,34,11,19,0,58,2,0,1,287,1.279,9.0,1.5,2.5,7.7,3.05,61%,alexaty01
11,Logan Allen,25,L,7,7,.500,3.98,2,122.0,119,58,54,16,46,1,120,3,0,2,525,1.352,8.8,1.2,3.4,8.9,2.61,57%,allenlo02
12,Yency Almonte,30,R,2,2,.500,4.50,1,52.0,46,28,26,7,22,1,52,4,0,2,224,1.308,8.0,1.2,3.8,9.0,2.36,48%,almonye01
13,José Alvarado,29,L,3,2,.600,3.53,5,51.0,43,24,20,5,23,2,63,2,0,3,216,1.294,7.6,0.9,4.1,11.1,2.74,50%,alvarjo03
14,Adbert Alzolay,29,R,3,4,.429,3.92,8,62.0,55,29,27,8,18,1,63,4,1,1,255,1.177,8.0,1.2,2.6,9.1,3.50,54%,alzolad01
15,Grant Anderson,27,R,2,2,.500,4.40,1,43.0,42,23,21,6,16,1,41,2,0,1,184,1.349,8.8,1.3,3.3,8.6,2.56,28%,andergr01
16,Ian Anderson,26,R,5,4,.556,4.44,1,71.0,66,36,35,9,29,1,68,2,0,3,306,1.338,8.4,1.1,3.7,8.6,2.34,56%,anderia01
17,Nick Anderson,33,R,3,2,.600,3.98,1,43.0,40,21,19,5,15,0,41,2,0,1,179,1.279,8.4,1.0,3.1,8.6,2.73,27%,anderni01
18,Tyler Anderson,34,L,8,7,.533,4.32,1,146.0,141,75,70,19,49,1,122,7,1,5,620,1.301,8.7,1.2,3.0,7.5,2.49,77%,anderty01
19,Clayton Andrews,27,L,1,2,.333,5.00,1,27.0,27,16,15,4,10,0,27,1,0,1,116,1.370,9.0,1.3,3.3,9.0,2.70,5%,andrecl02
20,Tejay Antone,30,R,2,1,.667,4.06,1,31.0,27,15,14,4,11,0,31,2,0,1,128,1.226,7.8,1.2,3.2,9.0,2.82,14%,antonte01
21,Shawn Armstrong,33,R,2,2,.500,3.90,1,60.0,56,28,26,7,19,1,61,4,0,2,256,1.250,8.4,1.1,2.9,9.2,3.21,52%,armstsh01
22,Aaron Ashby,26,L,3,4,.429,4.34,1,58.0,54,31,28,8,23,0,63,3,0,3,250,1.328,8.4,1.2,3.6,9.8,2.74,47%,ashbyaa01
23,Graham Ashcraft,26,R,7,8,.467,4.59,1,143.0,144,77,73,20,49,1,118,9,1,6,618,1.350,9.1,1.3,3.1,7.4,2.41,70%,ashcrgr01
24,Javier Assad,26,R,5,4,.556,3.62,1,97.0,87,41,39,12,38,1,89,3,1,3,410,1.289,8.1,1.1,3.5,8.3,2.34,58%,assadja01
25,Pedro Avila,27,R,3,3,.500,3.88,1,65.0,58,32,28,7,27,0,67,4,1,4,279,1.308,8.0,1.0,3.7,9.3,2.48,37%,avilape01
26,Sam Bachman,24,R,2,2,.500,4.09,1,33.0,31,17,15,4,14,1,33,2,0,2,144,1.364,8.5,1.1,3.8,9.0,2.36,16%,bachmsa01
27,Bryan Baker,29,R,4,3,.571,3.93,1,55.0,48,26,24,6,23,1,57,2,0,3,232,1.291,7.9,1.0,3.8,9.3,2.48,49%,bakerbr01
28,Jordan Balazovic,25,R,2,2,.500,4.38,1,37.0,36,19,18,6,14,0,35,1,0,2,160,1.351,8.8,1.5,3.4,8.5,2.50,21%,balazjo02
29,Tanner Banks,32,L,2,3,.400,4.14,1,63.0,59,33,29,9,21,1,57,3,0,2,264,1.270,8.4,1.3,3.0,8.1,2.71,50%,banksta01
30,Daniel Bard,39,R,4,3,.571,4.18,10,56.0,48,29,26,6,32,1,56,5,0,2,244,1.429,7.7,1.0,5.1,9.0,1.75,55%,bardda01
31,Scott Barlow,31,R,4,4,.500,3.82,11,66.0,58,31,28,7,27,2,70,3,0,3,280,1.288,7.9,1.0,3.7,9.5,2.59,60%,barlosc01
32,Chris Bassitt,35,R,13,8,.619,3.74,1,178.0,160,79,74,23,55,1,166,11,2,5,738,1.208,8.1,1.2,2.8,8.4,3.02,79%,bassich01
33,Mike Baumann,28,R,5,3,.625,4.35,1,62.0,59,32,30,8,26,1,57,3,0,4,266,1.371,8.6,1.2,3.8,8.3,2.19,49%,baumami01
34,Félix Bautista,29,R,5,3,.625,3.05,16,62.0,45,24,21,7,24,1,82,2,0,4,252,1.113,6.5,1.0,3.5,11.9,3.42,50%,bautife01
35,Shane Baz,25,R,4,3,.571,4.29,2,63.0,57,32,30,9,22,1,65,3,0,3,267,1.254,8.1,1.3,3.1,9.3,2.95,19%,bazsh01
36,Eduard Bazardo,28,R,2,1,.667,4.11,1,35.0,32,17,16,5,12,0,33,2,0,1,147,1.257,8.2,1.3,3.1,8.5,2.75,22%,bazared01
37,Tristan Beck,28,R,3,3,.500,4.18,2,71.0,68,35,33,9,22,1,64,3,0,3,298,1.268,8.6,1.1,2.8,8.1,2.91,47%,becktr01
38,David Bednar,29,R,3,3,.500,3.09,18,64.0,54,26,22,6,22,2,72,3,0,2,265,1.188,7.6,0.8,3.1,10.1,3.27,55%,bednada01
39,Jalen Beeks,30,L,3,3,.500,4.35,2,60.0,56,31,29,7,24,0,62,2,0,3,257,1.333,8.4,1.1,3.6,9.3,2.58,47%,beeksja02
40,Andrew Bellatti,32,R,2,2,.500,4.40,1,43.0,41,23,21,6,18,0,47,1,0,1,186,1.372,8.6,1.3,3.8,9.8,2.61,41%,bellaan01
41,Brayan Bello,25,R,9,10,.474,4.28,2,143.0,147,72,68,18,48,1,132,6,0,3,617,1.364,9.3,1.1,3.0,8.3,2.75,68%,bellobr01
42,Anthony Bender,29,R,1,2,.333,4.00,2,27.0,25,13,12,4,10,0,27,2,0,1,115,1.296,8.3,1.3,3.3,9.0,2.70,25%,bendean01
43,Brennan Bernardino,32,L,3,3,.500,4.00,1,54.0,52,26,24,6,20,1,55,4,0,2,233,1.333,8.7,1.0,3.3,9.2,2.75,36%,bernabr01
44,José Berríos,30,R,10,9,.526,4.19,1,172.0,167,85,80,24,50,2,165,10,1,4,724,1.262,8.7,1.3,2.6,8.6,3.30,79%,berrijo01
45,Prelander Berroa,24,R,1,1,.500,4.15,1,26.0,23,13,12,3,10,0,26,1,0,1,111,1.269,8.0,1.0,3.5,9.0,2.60,2%,berropr01
46,Tanner Bibee,25,R,9,5,.643,3.44,2,131.0,114,53,50,14,44,1,133,5,1,6,548,1.206,7.8,1.0,3.0,9.1,3.02,59%,bibeeta01
47,Phil Bickford,28,R,4,3,.571,4.43,1,65.0,58,35,32,9,27,2,69,3,0,2,278,1.308,8.0,1.2,3.7,9.6,2.56,57%,bickfph01
48,Osvaldo Bido,28,R,4,5,.444,4.89,1,70.0,70,41,38,8,27,1,68,6,0,2,309,1.386,9.0,1.0,3.5,8.7,2.52,37%,bidoos01
49,Osvaldo Bido,28,R,4,5,.444,4.89,1,70.0,70,41,38,8,27,1,68,6,0,2,309,1.386,9.0,1.0,3.5,8.7,2.52,37%,bidoos01
50,Shane Bieber,29,R,8,7,.533,3.56,1,144.0,132,61,57,16,39,0,140,4,1,6,593,1.188,8.3,1.0,2.4,8.8,3.59,75%,biebesh01
51,Brandon Bielak,28,R,5,5,.500,4.12,1,83.0,83,44,38,12,34,0,75,5,0,4,363,1.410,9.0,1.3,3.7,8.1,2.21,54%,bielabr01
52,Jake Bird,28,R,3,4,.429,4.44,1,75.0,75,41,37,8,27,1,69,5,0,3,324,1.360,9.0,1.0,3.2,8.3,2.56,57%,birdja01
53,Paul Blackburn,30,R,6,8,.429,4.50,1,122.0,128,64,61,16,44,1,113,5,0,2,530,1.410,9.4,1.2,3.2,8.3,2.57,68%,blackpa01
54,Ronel Blanco,30,R,3,3,.500,4.57,1,63.0,60,35,32,11,28,0,62,3,0,2,272,1.397,8.6,1.6,4.0,8.9,2.21,38%,blancro01
55,Cody Bolton,26,R,2,2,.500,4.50,1,36.0,36,20,18,5,15,0,36,2,0,1,157,1.417,9.0,1.3,3.8,9.0,2.40,21%,boltoco01
56,Ryan Borucki,30,L,4,2,.667,4.04,1,49.0,42,23,22,7,15,0,45,3,0,3,202,1.163,7.7,1.3,2.8,8.3,3.00,39%,borucry01
57,Jonathan Bowlan,27,R,2,3,.400,4.30,1,44.0,42,23,21,6,16,0,43,2,0,2,189,1.318,8.6,1.2,3.3,8.8,2.69,3%,bowlajo01
58,Joe Boyle,24,R,5,3,.625,3.84,2,68.0,59,32,29,8,24,1,68,3,0,2,285,1.221,7.8,1.1,3.2,9.0,2.83,13%,boylejo01
59,Cody Bradford,26,L,4,4,.500,4.70,1,67.0,64,36,35,11,21,0,65,2,0,2,284,1.269,8.6,1.5,2.8,8.7,3.10,37%,bradfco01
60,Kyle Bradish,27,R,9,8,.529,3.75,1,156.0,137,68,65,17,50,0,154,8,0,8,646,1.199,7.9,1.0,2.9,8.9,3.08,72%,bradiky01
61,Taj Bradley,23,R,6,7,.462,4.87,2,109.0,104,63,59,19,39,1,126,3,0,5,474,1.312,8.6,1.6,3.2,10.4,3.23,53%,bradlta01
62,Matt Brash,26,R,6,4,.600,3.95,3,66.0,61,30,29,6,28,1,82,4,0,5,288,1.348,8.3,0.8,3.8,11.2,2.93,53%,brashma01
63,Huascar Brazobán,34,R,4,3,.571,4.26,1,57.0,54,29,27,7,27,1,60,3,0,4,249,1.421,8.5,1.1,4.3,9.5,2.22,47%,brazohu01
64,Jake Brentz,29,L,1,2,.333,5.04,1,25.0,24,15,14,3,12,0,26,2,0,2,112,1.440,8.6,1.1,4.3,9.4,2.17,23%,brentja01
65,Beau Brieske,26,R,3,4,.429,4.06,2,62.0,57,30,28,9,21,0,54,2,0,2,262,1.258,8.3,1.3,3.0,7.8,2.57,49%,briesbe01
66,Jhony Brito,26,R,7,6,.538,4.30,2,88.0,81,46,42,13,30,0,80,4,1,2,371,1.261,8.3,1.3,3.1,8.2,2.67,48%,britojh01
67,Connor Brogdon,29,R,3,2,.600,4.09,1,44.0,42,22,20,6,16,0,44,2,0,2,190,1.318,8.6,1.2,3.3,9.0,2.75,45%,brogdco01
68,Hunter Brown,25,R,9,9,.500,4.57,2,134.0,129,73,68,20,48,1,148,7,0,4,573,1.321,8.7,1.3,3.2,9.9,3.08,64%,brownhu01
69,JT Brubaker,30,R,3,6,.333,4.74,1,74.0,76,43,39,11,27,0,75,4,1,3,325,1.392,9.2,1.3,3.3,9.1,2.78,60%,brubajt01
70,Kris Bubic,26,L,3,6,.333,4.79,1,77.0,80,44,41,11,31,0,71,3,1,2,336,1.442,9.4,1.3,3.6,8.3,2.29,62%,bubickr01
71,Walker Buehler,29,R,5,3,.625,3.68,1,66.0,59,29,27,8,21,1,65,3,0,2,276,1.212,8.0,1.1,2.9,8.9,3.10,53%,buehlwa01
72,J.B. Bukauskas,27,R,2,2,.500,4.50,1,28.0,27,15,14,4,11,1,28,1,0,1,122,1.357,8.7,1.3,3.5,9.0,2.55,12%,bukaujb01
73,Aaron Bummer,30,L,4,4,.500,4.89,2,57.0,53,34,31,6,27,2,64,4,0,3,249,1.404,8.4,0.9,4.3,10.1,2.37,52%,bummeaa01
74,Brock Burke,27,L,5,3,.625,3.71,1,63.0,59,30,26,10,18,2,62,2,0,2,263,1.222,8.4,1.4,2.6,8.9,3.44,54%,burkebr01
75,Corbin Burnes,29,R,10,7,.588,3.36,1,177.0,136,71,66,20,55,0,197,9,1,8,717,1.079,6.9,1.0,2.8,10.0,3.58,79%,burneco01
76,José Butto,26,R,3,5,.375,4.26,2,74.0,67,37,35,9,31,1,72,2,0,2,319,1.324,8.1,1.1,3.8,8.8,2.32,33%,buttojo01
77,Edward Cabrera,26,R,8,7,.533,4.07,1,115.0,92,54,52,15,59,0,126,7,2,3,491,1.313,7.2,1.2,4.6,9.9,2.14,63%,cabreed02
78,Génesis Cabrera,27,L,3,3,.500,4.26,1,57.0,51,29,27,8,24,2,56,3,0,2,245,1.316,8.1,1.3,3.8,8.8,2.33,54%,cabrege01
79,Génesis Cabrera,27,L,3,3,.500,4.26,1,57.0,51,29,27,8,24,2,56,3,0,2,245,1.316,8.1,1.3,3.8,8.8,2.33,54%,cabrege01
80,Kelvin Caceres,24,R,1,1,.500,4.15,1,26.0,24,13,12,3,10,0,26,1,0,1,110,1.308,8.3,1.0,3.5,9.0,2.60,2%,cacerke01
81,Isaiah Campbell,26,R,3,2,.600,3.92,1,39.0,35,18,17,5,15,1,40,2,1,2,167,1.282,8.1,1.2,3.5,9.2,2.67,23%,campbis01
82,Griffin Canning,28,R,7,7,.500,4.50,1,120.0,115,62,60,20,40,1,126,5,0,4,514,1.292,8.6,1.5,3.0,9.5,3.15,61%,cannigr01
83,Yennier Cano,30,R,2,3,.400,4.00,4,63.0,59,30,28,7,21,1,60,3,1,2,265,1.270,8.4,1.0,3.0,8.6,2.86,47%,canoye01
84,Diego Castillo,30,R,3,2,.600,4.11,3,35.0,30,18,16,5,14,1,35,2,0,1,147,1.257,7.7,1.3,3.6,9.0,2.50,40%,castidi01
85,Luis Castillo,31,R,10,9,.526,3.64,1,173.0,150,77,70,22,57,1,185,7,1,3,719,1.197,7.8,1.1,3.0,9.6,3.25,79%,castilu02
86,Max Castillo,25,R,2,3,.400,4.50,1,48.0,45,26,24,7,18,1,44,3,0,2,205,1.313,8.4,1.3,3.4,8.3,2.44,34%,castima03
87,Max Castillo,25,R,2,3,.400,4.50,1,48.0,45,26,24,7,18,1,44,3,0,2,205,1.313,8.4,1.3,3.4,8.3,2.44,34%,castima03
88,Miguel Castro,29,R,5,4,.556,4.20,3,60.0,52,31,28,7,25,1,59,4,0,2,257,1.283,7.8,1.1,3.8,8.9,2.36,53%,castrmi01
89,Cade Cavalli,25,R,3,4,.429,4.65,2,60.0,57,33,31,8,22,1,61,4,0,2,260,1.317,8.6,1.2,3.3,9.2,2.77,4%,cavalca01
90,Dylan Cease,28,R,10,8,.556,3.83,1,167.0,146,78,71,18,71,2,199,7,1,10,714,1.299,7.9,1.0,3.8,10.7,2.80,79%,ceasedy01
91,Slade Cecconi,25,R,3,3,.500,4.34,1,58.0,55,29,28,8,18,0,55,3,0,2,248,1.259,8.5,1.2,2.8,8.5,3.06,22%,ceccosl01
92,Andrew Chafin,34,L,3,3,.500,4.02,4,56.0,50,28,25,7,23,0,60,2,0,3,239,1.304,8.0,1.1,3.7,9.6,2.61,54%,chafian01
93,JT Chargois,33,R,3,2,.600,3.88,1,51.0,46,24,22,6,20,1,47,2,0,1,215,1.294,8.1,1.1,3.5,8.3,2.35,43%,chargjt01
94,Adam Cimber,33,R,3,3,.500,4.07,2,42.0,41,22,19,5,13,1,36,4,0,1,180,1.286,8.8,1.1,2.8,7.7,2.77,49%,cimbead01
95,Aaron Civale,29,R,8,6,.571,4.05,1,131.0,120,63,59,17,38,1,125,6,0,4,545,1.206,8.2,1.2,2.6,8.6,3.29,70%,civalaa01
96,Taylor Clarke,31,R,3,4,.429,4.95,3,60.0,64,36,33,9,21,1,60,2,0,3,260,1.417,9.6,1.4,3.2,9.0,2.86,54%,clarkta01
97,Emmanuel Clase,26,R,3,5,.375,3.04,27,68.0,57,30,23,6,18,2,68,2,1,3,281,1.103,7.5,0.8,2.4,9.0,3.78,59%,claseem01
98,Garrett Cleavinger,30,L,2,2,.500,3.97,1,34.0,29,18,15,5,13,0,35,2,0,1,142,1.235,7.7,1.3,3.4,9.3,2.69,26%,cleavga01
99,Alex Cobb,36,R,8,8,.500,4.08,1,150.0,157,75,68,16,46,0,140,6,3,6,640,1.353,9.4,1.0,2.8,8.4,3.04,75%,cobbal01
100,Gerrit Cole,33,R,13,6,.684,3.33,1,184.0,150,72,68,24,49,0,208,5,1,4,740,1.082,7.3,1.2,2.4,10.2,4.24,80%,colege01
101,Dylan Coleman,27,R,2,2,.500,4.39,1,41.0,36,22,20,5,20,1,42,4,0,3,181,1.366,7.9,1.1,4.4,9.2,2.10,43%,colemdy01
102,Roansy Contreras,24,R,5,6,.455,4.74,2,93.0,88,52,49,13,38,1,87,3,0,6,403,1.355,8.5,1.3,3.7,8.4,2.29,59%,contrro01
103,Patrick Corbin,34,L,8,15,.348,5.51,1,165.0,196,109,101,30,57,1,131,6,0,4,732,1.533,10.7,1.6,3.1,7.1,2.30,79%,corbipa01
104,Nestor Cortes,29,L,7,4,.636,3.69,1,105.0,88,45,43,14,32,0,108,3,0,2,430,1.143,7.5,1.2,2.7,9.3,3.38,67%,cortene01
105,Tom Cosgrove,28,L,2,3,.400,3.35,1,51.0,42,21,19,6,19,1,48,3,0,2,211,1.196,7.4,1.1,3.4,8.5,2.53,34%,cosgrto01
106,Danny Coulombe,34,L,4,3,.571,3.81,2,52.0,48,24,22,6,18,0,52,2,1,2,219,1.269,8.3,1.0,3.1,9.0,2.89,42%,couloda01
107,Dylan Covey,32,R,2,3,.400,4.13,1,48.0,48,25,22,6,18,1,42,2,0,1,206,1.375,9.0,1.1,3.4,7.9,2.33,32%,coveydy01
108,Kutter Crawford,28,R,6,8,.429,4.46,1,121.0,110,63,60,17,40,1,124,5,1,4,510,1.240,8.2,1.3,3.0,9.2,3.10,65%,crawfku01
109,Cooper Criswell,27,R,2,2,.500,4.80,1,45.0,46,26,24,7,16,1,42,3,0,2,196,1.378,9.2,1.4,3.2,8.4,2.63,29%,criswco01
110,Garrett Crochet,25,L,2,2,.500,4.06,1,31.0,28,15,14,4,14,0,32,1,0,1,136,1.355,8.1,1.2,4.1,9.3,2.29,26%,crochga01
111,Declan Cronin,26,R,2,2,.500,4.80,1,30.0,29,18,16,5,12,0,29,2,0,1,131,1.367,8.7,1.5,3.6,8.7,2.42,11%,cronide01
112,Fernando Cruz,34,R,2,3,.400,4.43,1,61.0,54,33,30,7,25,0,72,3,0,3,261,1.295,8.0,1.0,3.7,10.6,2.88,45%,cruzfe01
113,Steven Cruz,25,R,2,2,.500,4.40,1,45.0,42,23,22,6,19,0,46,2,0,2,197,1.356,8.4,1.2,3.8,9.2,2.42,13%,cruzst01
114,José Cuas,30,R,4,3,.571,4.21,2,62.0,60,31,29,8,29,1,62,5,0,3,274,1.435,8.7,1.2,4.2,9.0,2.14,51%,cuasjo01
115,Xzavion Curry,25,R,4,4,.500,4.17,1,82.0,81,42,38,11,29,1,69,3,1,3,351,1.341,8.9,1.2,3.2,7.6,2.38,52%,curryxz01
116,Davis Daniel,27,R,2,2,.500,4.06,1,31.0,28,15,14,4,13,0,30,1,0,1,133,1.323,8.1,1.2,3.8,8.7,2.31,12%,danieda01
117,Hagen Danner,25,R,1,1,.500,4.32,1,25.0,23,13,12,3,9,0,25,1,0,1,107,1.280,8.3,1.1,3.2,9.0,2.78,0%,danneha01
118,Yu Darvish,37,R,9,9,.500,4.16,1,147.0,134,70,68,20,43,1,149,8,1,4,610,1.204,8.2,1.2,2.6,9.1,3.47,77%,darviyu01
119,Noah Davis,27,R,3,5,.375,5.48,2,64.0,68,41,39,10,26,1,62,4,1,4,285,1.469,9.6,1.4,3.7,8.7,2.38,27%,davisno01
120,Enyel De Los Santos,28,R,4,2,.667,4.00,1,63.0,55,30,28,7,24,1,64,3,1,3,264,1.254,7.9,1.0,3.4,9.1,2.67,54%,delosen01
121,Jacob deGrom,36,R,5,4,.556,3.44,1,81.0,62,34,31,10,20,0,103,2,0,2,323,1.012,6.9,1.1,2.2,11.4,5.15,49%,degroja01
122,Anthony DeSclafani,34,R,6,7,.462,4.50,1,110.0,113,61,55,16,31,1,97,4,0,4,468,1.309,9.2,1.3,2.5,7.9,3.13,64%,desclan01
123,Reid Detmers,24,L,6,9,.400,4.29,1,147.0,134,75,70,18,56,2,156,10,0,5,631,1.293,8.2,1.1,3.4,9.6,2.79,72%,detmere01
124,Chris Devenski,33,R,4,3,.571,4.88,1,48.0,46,28,26,7,15,1,45,2,0,1,202,1.271,8.6,1.3,2.8,8.4,3.00,36%,devench02
125,Alexis Díaz,27,R,6,4,.600,3.46,16,65.0,48,29,25,6,30,1,75,6,0,4,274,1.200,6.6,0.8,4.2,10.4,2.50,53%,diazal03
126,Edwin Díaz,30,R,2,2,.500,3.48,8,31.0,25,13,12,3,11,0,40,2,0,1,129,1.161,7.3,0.9,3.2,11.6,3.64,38%,diazed04
127,Miguel Díaz,29,R,2,2,.500,3.79,1,38.0,33,18,16,5,15,0,38,1,0,1,160,1.263,7.8,1.2,3.6,9.0,2.53,23%,diazmi02
128,Dylan Dodd,26,L,4,4,.500,5.14,2,77.0,84,46,44,13,28,1,65,3,0,3,340,1.455,9.8,1.5,3.3,7.6,2.32,29%,dodddy01
129,Seranthony Domínguez,29,R,4,4,.500,3.93,4,55.0,50,27,24,7,22,1,56,3,0,2,236,1.309,8.2,1.1,3.6,9.2,2.55,48%,dominse01
130,Camilo Doval,26,R,5,5,.500,3.46,21,65.0,55,31,25,6,25,3,75,4,1,5,277,1.231,7.6,0.8,3.5,10.4,3.00,56%,dovalca01
131,Daniel Duarte,27,R,3,2,.600,4.17,1,41.0,37,21,19,6,18,0,38,2,0,1,176,1.341,8.1,1.3,4.0,8.3,2.11,27%,duartda01
132,Shawn Dubin,28,R,2,2,.500,4.61,1,41.0,40,23,21,6,15,0,41,2,0,1,177,1.341,8.8,1.3,3.3,9.0,2.73,10%,dubinsh01
133,Dane Dunning,29,R,8,8,.500,4.15,1,156.0,154,76,72,20,56,0,138,9,0,6,667,1.346,8.9,1.2,3.2,8.0,2.46,77%,dunnida01
134,Jhoan Durán,26,R,3,4,.429,3.14,12,63.0,52,26,22,7,22,3,75,3,0,5,260,1.175,7.4,1.0,3.1,10.7,3.41,52%,duranjh01
135,Scott Effross,30,R,2,2,.500,3.77,1,31.0,28,15,13,4,10,1,32,1,0,1,131,1.226,8.1,1.2,2.9,9.3,3.20,30%,effrosc01
136,Zach Eflin,30,R,11,8,.579,3.88,2,153.0,143,70,66,18,32,1,152,5,0,2,626,1.144,8.4,1.1,1.9,8.9,4.75,73%,eflinza01
137,Bryce Elder,25,R,10,6,.625,3.85,2,152.0,136,69,65,17,56,1,129,7,1,7,642,1.263,8.1,1.0,3.3,7.6,2.30,69%,elderbr01
138,Mason Englert,24,R,3,3,.500,4.67,1,54.0,55,31,28,9,18,0,49,2,0,2,236,1.352,9.2,1.5,3.0,8.2,2.72,39%,englema01
139,Nathan Eovaldi,34,R,9,6,.600,3.97,1,143.0,134,67,63,18,42,1,136,5,0,3,592,1.231,8.4,1.1,2.6,8.6,3.24,74%,eovalna01
140,Lucas Erceg,29,R,3,3,.500,4.50,1,52.0,49,29,26,5,25,1,56,4,0,3,230,1.423,8.5,0.9,4.3,9.7,2.24,39%,erceglu01
141,Joey Estes,22,R,3,4,.429,4.43,2,65.0,61,35,32,10,22,1,64,5,0,3,280,1.277,8.4,1.4,3.0,8.9,2.91,11%,estesjo01
142,Carlos Estévez,31,R,4,4,.500,4.06,12,62.0,59,33,28,8,26,2,65,3,0,3,268,1.371,8.6,1.2,3.8,9.4,2.50,57%,estevca01
143,Jeremiah Estrada,25,R,2,1,.667,4.35,1,31.0,29,16,15,5,14,1,32,1,0,1,135,1.387,8.4,1.5,4.1,9.3,2.29,15%,estraje01
144,Alex Faedo,28,R,4,6,.400,4.65,1,93.0,86,51,48,14,34,1,86,3,0,4,396,1.290,8.3,1.4,3.3,8.3,2.53,51%,faedoal01
145,Pete Fairbanks,30,R,2,3,.400,3.60,11,50.0,41,22,20,5,19,0,60,3,0,3,209,1.200,7.4,0.9,3.4,10.8,3.16,43%,fairbpe01
146,Bailey Falter,27,L,5,7,.417,4.59,1,96.0,99,54,49,17,27,0,86,4,0,2,409,1.313,9.3,1.6,2.5,8.1,3.19,61%,falteba01
147,Buck Farmer,33,R,3,4,.429,4.43,2,67.0,59,35,33,9,28,0,66,4,0,3,285,1.299,7.9,1.2,3.8,8.9,2.36,55%,farmebu01
148,Calvin Faucher,28,R,3,3,.500,5.11,1,44.0,46,27,25,6,18,0,43,2,0,3,195,1.455,9.4,1.2,3.7,8.8,2.39,32%,fauchca01
149,Angel Felipe,26,R,2,2,.500,4.50,1,32.0,28,17,16,4,14,0,33,2,0,1,139,1.313,7.9,1.1,3.9,9.3,2.36,14%,felipan01
150,Ryan Feltner,27,R,4,7,.364,5.20,1,90.0,90,55,52,12,39,0,84,5,1,3,398,1.433,9.0,1.2,3.9,8.4,2.15,55%,feltnry01
151,Caleb Ferguson,27,L,5,3,.625,3.69,2,61.0,58,29,25,6,24,0,65,5,0,2,266,1.344,8.6,0.9,3.5,9.6,2.71,48%,ferguca01
152,Jose Ferrer,24,L,3,2,.600,4.50,1,42.0,40,22,21,5,15,1,39,2,0,1,178,1.310,8.6,1.1,3.2,8.4,2.60,26%,ferrejo01
153,J.P. Feyereisen,31,R,2,1,.667,3.72,1,29.0,24,13,12,3,11,0,28,1,0,1,120,1.207,7.4,0.9,3.4,8.7,2.55,25%,feyerjo01
154,Kyle Finnegan,32,R,5,5,.500,4.09,13,66.0,62,33,30,10,25,1,64,2,0,2,279,1.318,8.5,1.4,3.4,8.7,2.56,59%,finneky01
155,Jack Flaherty,28,R,8,7,.533,4.60,1,133.0,136,72,68,17,58,2,134,10,0,6,585,1.459,9.2,1.2,3.9,9.1,2.31,68%,flaheja01
156,Chris Flexen,29,R,6,7,.462,4.86,1,113.0,121,64,61,18,40,1,88,4,0,5,491,1.425,9.6,1.4,3.2,7.0,2.20,73%,flexech01
157,Dylan Floro,33,R,4,4,.500,4.12,7,59.0,60,31,27,6,20,2,56,2,0,2,250,1.356,9.2,0.9,3.1,8.5,2.80,55%,florody01
158,Jason Foley,28,R,3,3,.500,3.74,3,65.0,65,28,27,5,19,1,56,3,0,2,274,1.292,9.0,0.7,2.6,7.8,2.95,54%,foleyja01
159,Matt Foster,29,R,1,1,.500,4.66,1,29.0,28,16,15,4,11,0,29,1,0,1,127,1.345,8.7,1.2,3.4,9.0,2.64,32%,fostema01
160,J.P. France,29,R,9,6,.600,4.07,2,126.0,125,63,57,18,45,1,106,4,0,5,541,1.349,8.9,1.3,3.2,7.6,2.36,59%,francjp01
161,Bowden Francis,28,R,2,2,.500,3.56,1,43.0,37,19,17,6,14,0,42,2,1,1,178,1.186,7.7,1.3,2.9,8.8,3.00,26%,francbo01
162,Kyle Freeland,31,L,7,11,.389,4.76,1,155.0,173,89,82,24,48,1,117,7,0,3,673,1.426,10.0,1.4,2.8,6.8,2.44,77%,freelky01
163,Luis Frías,26,R,2,2,.500,4.71,1,42.0,41,23,22,5,20,0,40,2,0,2,186,1.452,8.8,1.1,4.3,8.6,2.00,34%,friaslu01
164,Max Fried,30,L,9,4,.692,3.15,1,117.0,104,44,41,11,30,1,113,4,0,5,477,1.145,8.0,0.8,2.3,8.7,3.77,72%,friedma01
165,Kody Funderburk,27,L,2,2,.500,4.06,1,31.0,28,15,14,4,12,0,33,2,0,1,131,1.290,8.1,1.2,3.5,9.6,2.75,11%,fundeko01
166,Hunter Gaddis,26,R,4,4,.500,4.89,2,70.0,69,40,38,12,25,1,61,4,0,2,305,1.343,8.9,1.5,3.2,7.8,2.44,34%,gaddihu01
167,Matt Gage,31,L,1,2,.333,3.90,1,30.0,27,15,13,4,11,0,29,1,0,1,125,1.267,8.1,1.2,3.3,8.7,2.64,13%,gagema01
168,Giovanny Gallegos,32,R,3,4,.429,4.03,8,58.0,52,28,26,8,18,1,62,2,1,3,242,1.207,8.1,1.2,2.8,9.6,3.44,55%,gallegi01
169,Zac Gallen,28,R,12,8,.600,3.49,1,183.0,155,77,71,20,51,1,191,8,1,7,745,1.126,7.6,1.0,2.5,9.4,3.75,79%,galleza01
170,Deivi García,25,R,2,2,.500,4.11,1,35.0,31,19,16,5,15,0,34,2,0,1,152,1.314,8.0,1.3,3.9,8.7,2.27,17%,garcide01
171,Luis García,37,R,3,4,.429,4.13,2,61.0,59,31,28,7,22,1,58,4,0,4,263,1.328,8.7,1.0,3.2,8.6,2.64,55%,garcilu03
172,Luis García,27,R,7,5,.583,3.99,1,88.0,78,41,39,12,30,0,91,2,1,4,369,1.227,8.0,1.2,3.1,9.3,3.03,65%,garcilu05
173,Robert Garcia,28,L,2,2,.500,4.17,1,41.0,37,21,19,5,15,1,41,1,0,2,172,1.268,8.1,1.1,3.3,9.0,2.73,24%,garciro04
174,Yimi García,33,R,4,5,.444,4.08,4,64.0,61,33,29,8,20,2,66,4,0,1,270,1.266,8.6,1.1,2.8,9.3,3.30,57%,garciyi01
175,Braxton Garrett,26,L,8,8,.500,3.92,1,147.0,142,68,64,18,39,1,147,10,0,5,621,1.231,8.7,1.1,2.4,9.0,3.77,71%,garrebr01
176,Reed Garrett,31,R,2,2,.500,4.75,1,36.0,36,21,19,5,14,1,33,2,0,1,156,1.389,9.0,1.3,3.5,8.3,2.36,23%,garrere01
177,Kevin Gausman,33,R,11,9,.550,3.49,1,170.0,160,72,66,18,47,1,198,4,2,4,705,1.218,8.5,1.0,2.5,10.5,4.21,79%,gausmke01
178,Ian Gibaut,30,R,5,4,.556,4.09,2,66.0,64,33,30,8,26,2,66,3,0,1,283,1.364,8.7,1.1,3.5,9.0,2.54,52%,gibauia01
179,Kyle Gibson,36,R,11,9,.550,4.76,1,172.0,176,94,91,22,56,1,146,7,0,6,730,1.349,9.2,1.2,2.9,7.6,2.61,79%,gibsoky01
180,Luis Gil,26,R,3,3,.500,4.35,2,60.0,55,31,29,8,24,1,62,3,0,3,260,1.317,8.3,1.2,3.6,9.3,2.58,12%,gillu01
181,Logan Gilbert,27,R,11,7,.611,3.78,1,174.0,157,77,73,23,44,2,173,5,0,6,718,1.155,8.1,1.2,2.3,8.9,3.93,78%,gilbelo01
182,Logan Gillaspie,27,R,2,2,.500,4.35,1,31.0,31,17,15,4,11,0,29,2,0,1,136,1.355,9.0,1.2,3.2,8.4,2.64,19%,gillalo01
183,Kevin Ginkel,30,R,5,2,.714,3.75,3,60.0,51,29,25,6,23,1,62,3,1,3,251,1.233,7.7,0.9,3.5,9.3,2.70,49%,ginkeke01
184,Lucas Giolito,29,R,9,11,.450,4.66,1,168.0,159,93,87,30,63,2,182,6,0,6,718,1.321,8.5,1.6,3.4,9.8,2.89,79%,giolilu01
185,Sawyer Gipson-Long,26,R,4,3,.571,3.99,2,70.0,63,34,31,9,26,1,73,3,0,2,297,1.271,8.1,1.2,3.3,9.4,2.81,17%,gipsosa01
186,Tyler Glasnow,30,R,8,6,.571,3.75,1,120.0,100,54,50,15,41,1,146,3,0,9,495,1.175,7.5,1.1,3.1,11.0,3.56,61%,glasnty01
187,Austin Gomber,30,L,8,8,.500,5.20,1,135.0,145,82,78,23,44,1,106,4,0,4,580,1.400,9.7,1.5,2.9,7.1,2.41,74%,gombeau01
188,Yoendrys Gómez,24,R,1,1,.500,4.15,1,26.0,24,13,12,3,9,0,27,1,0,1,111,1.269,8.3,1.0,3.1,9.3,3.00,2%,gomezyo01
189,Tony Gonsolin,30,R,10,5,.667,3.92,1,124.0,99,57,54,17,45,1,113,6,0,4,512,1.161,7.2,1.2,3.3,8.2,2.51,68%,gonsoto01
190,Marco Gonzales,32,L,6,6,.500,4.46,1,103.0,105,56,51,16,34,1,75,4,0,2,439,1.350,9.2,1.4,3.0,6.6,2.21,70%,gonzama02
191,Victor González,28,L,3,3,.500,4.19,1,43.0,39,21,20,5,16,1,41,3,0,1,181,1.279,8.2,1.0,3.3,8.6,2.56,32%,gonzavi02
192,MacKenzie Gore,25,L,7,8,.467,4.33,1,133.0,126,68,64,21,55,0,144,4,0,6,573,1.361,8.5,1.4,3.7,9.7,2.62,66%,gorema01
193,Trevor Gott,31,R,2,4,.333,4.34,1,58.0,57,33,28,7,20,1,58,3,0,1,253,1.328,8.8,1.1,3.1,9.0,2.90,49%,gotttr01
194,Brusdar Graterol,25,R,4,3,.571,3.09,4,64.0,55,25,22,6,18,1,57,3,0,2,263,1.141,7.7,0.8,2.5,8.0,3.17,52%,gratebr01
195,Kendall Graveman,33,R,4,4,.500,3.60,6,65.0,58,30,26,8,28,1,64,4,0,3,276,1.323,8.0,1.1,3.9,8.9,2.29,58%,graveke01
196,Kendall Graveman,33,R,4,4,.500,3.60,6,65.0,58,30,26,8,28,1,64,4,0,3,276,1.323,8.0,1.1,3.9,8.9,2.29,58%,graveke01
197,Jon Gray,32,R,8,9,.471,4.29,1,151.0,141,77,72,21,54,1,146,8,1,5,635,1.291,8.4,1.3,3.2,8.7,2.70,75%,grayjo02
198,Josiah Gray,26,R,8,10,.444,4.38,1,154.0,143,78,75,27,69,2,151,8,0,8,671,1.377,8.4,1.6,4.0,8.8,2.19,76%,grayjo03
199,Sonny Gray,34,R,8,8,.500,3.46,1,164.0,145,67,63,14,54,1,162,7,1,6,681,1.213,8.0,0.8,3.0,8.9,3.00,76%,grayso01
200,Chad Green,33,R,3,2,.600,4.22,1,32.0,29,17,15,4,11,1,34,1,0,1,135,1.250,8.2,1.1,3.1,9.6,3.09,33%,greench03
201,Hunter Greene,24,R,6,9,.400,4.50,1,128.0,117,68,64,21,50,0,161,8,0,5,556,1.305,8.2,1.5,3.5,11.3,3.22,68%,greenhu01
202,Michael Grove,27,R,4,4,.500,5.07,1,87.0,92,53,49,14,29,1,87,4,0,4,378,1.391,9.5,1.4,3.0,9.0,3.00,49%,grovemi01
203,DL Hall,25,L,3,2,.600,4.14,1,37.0,35,19,17,4,13,0,39,1,0,2,158,1.297,8.5,1.0,3.2,9.5,3.00,24%,halldl01
204,Ian Hamilton,29,R,3,3,.500,3.79,2,57.0,50,26,24,6,23,1,60,3,0,2,240,1.281,7.9,0.9,3.6,9.5,2.61,38%,hamilia01
205,Emerson Hancock,25,R,3,3,.500,4.23,2,66.0,62,34,31,8,23,1,62,3,0,2,281,1.288,8.5,1.1,3.1,8.5,2.70,11%,hancoem01
206,Hogan Harris,27,L,4,5,.444,5.45,1,71.0,71,46,43,10,29,0,68,3,0,2,312,1.408,9.0,1.3,3.7,8.6,2.34,42%,harriho03
207,Kyle Harrison,22,L,4,4,.500,4.21,2,77.0,69,40,36,12,27,1,79,5,0,2,330,1.247,8.1,1.4,3.2,9.2,2.93,27%,harriky01
208,Grant Hartwig,26,R,3,2,.600,4.40,1,43.0,40,24,21,5,16,1,41,3,0,2,185,1.302,8.4,1.0,3.3,8.6,2.56,28%,hartwgr01
209,Hunter Harvey,29,R,3,3,.500,3.66,4,59.0,51,26,24,7,18,1,61,2,1,2,243,1.169,7.8,1.1,2.7,9.3,3.39,47%,harvehu01
210,Brent Headrick,26,L,3,2,.600,4.74,1,38.0,36,21,20,6,14,0,39,3,0,1,164,1.316,8.5,1.4,3.3,9.2,2.79,23%,headrbr01
211,Andrew Heaney,33,L,8,7,.533,4.37,1,134.0,129,72,65,23,50,0,147,9,0,3,581,1.336,8.7,1.5,3.4,9.9,2.94,72%,heanean01
212,Jonathan Heasley,27,R,3,4,.429,4.94,1,62.0,62,37,34,11,23,0,51,3,0,4,270,1.371,9.0,1.6,3.3,7.4,2.22,50%,heasljo01
213,Ryan Helsley,29,R,4,3,.571,3.24,9,50.0,38,20,18,5,20,1,58,1,0,3,204,1.160,6.8,0.9,3.6,10.4,2.90,48%,helslry01
214,Kyle Hendricks,34,R,7,8,.467,4.34,1,137.0,141,73,66,19,37,1,106,6,0,2,583,1.299,9.3,1.2,2.4,7.0,2.86,73%,hendrky01
215,Tommy Henry,26,L,6,6,.500,4.46,2,107.0,103,55,53,16,42,2,91,5,0,3,462,1.355,8.7,1.3,3.5,7.7,2.17,56%,henryto01
216,Sam Hentges,27,L,3,3,.500,3.97,1,59.0,55,29,26,6,21,0,61,2,0,3,249,1.288,8.4,0.9,3.2,9.3,2.90,55%,hentgsa01
217,Jimmy Herget,30,R,2,3,.400,4.02,3,47.0,44,22,21,6,15,2,45,3,0,1,197,1.255,8.4,1.1,2.9,8.6,3.00,45%,hergeji01
218,Carlos Hernández,27,R,3,6,.333,5.01,2,70.0,67,41,39,9,30,1,67,2,1,4,305,1.386,8.6,1.2,3.9,8.6,2.23,60%,hernaca04
219,Daysbel Hernández,27,R,2,1,.667,4.33,1,27.0,26,14,13,4,10,0,27,1,0,1,116,1.333,8.7,1.3,3.3,9.0,2.70,5%,hernada03
220,Jonathan Hernández,27,R,2,3,.400,4.30,2,44.0,42,24,21,5,18,1,44,3,0,3,191,1.364,8.6,1.0,3.7,9.0,2.44,37%,hernajo02
221,Jose Hernandez,26,L,2,3,.400,4.50,1,50.0,47,27,25,8,20,1,54,2,1,3,217,1.340,8.5,1.4,3.6,9.7,2.70,36%,hernajo03
222,Tim Herrin,27,L,2,2,.500,4.62,1,39.0,37,21,20,5,15,0,40,2,0,2,167,1.333,8.5,1.2,3.5,9.2,2.67,23%,herriti01
223,Tim Hill,34,L,3,3,.500,4.50,1,52.0,54,31,26,7,18,1,41,4,0,1,224,1.385,9.3,1.2,3.1,7.1,2.28,51%,hillti01
224,Sean Hjelle,27,R,2,2,.500,4.93,1,42.0,44,26,23,5,16,1,43,3,0,3,186,1.429,9.4,1.1,3.4,9.2,2.69,35%,hjellse01
225,Bryan Hoeing,27,R,3,3,.500,5.29,1,68.0,68,42,40,12,25,1,59,3,0,2,296,1.368,9.0,1.6,3.3,7.8,2.36,46%,hoeinbr01
226,Jeff Hoffman,31,R,4,3,.571,3.79,1,57.0,48,27,24,7,24,1,62,3,0,4,244,1.263,7.6,1.1,3.8,9.8,2.58,53%,hoffmje02
227,Colin Holderman,28,R,3,3,.500,4.18,2,56.0,52,28,26,6,21,1,55,3,0,2,238,1.304,8.4,1.0,3.4,8.8,2.62,44%,holdeco01
228,Gavin Hollowell,26,R,2,2,.500,4.93,1,42.0,40,25,23,7,18,1,42,3,0,1,185,1.381,8.6,1.5,3.9,9.0,2.33,30%,holloga01
229,Clay Holmes,31,R,5,4,.556,3.57,12,63.0,53,27,25,5,23,1,65,4,1,3,264,1.206,7.6,0.7,3.3,9.3,2.83,57%,holmecl01
230,Tyler Holton,28,L,3,3,.500,3.26,2,69.0,56,27,25,8,20,1,64,2,0,3,280,1.101,7.3,1.0,2.6,8.3,3.20,47%,holtoty01
231,Tanner Houck,28,R,6,8,.429,4.41,4,104.0,97,54,51,12,39,1,103,7,0,3,446,1.308,8.4,1.0,3.4,8.9,2.64,64%,houckta01
232,Adrian Houser,31,R,8,7,.533,4.24,1,123.0,123,66,58,14,47,1,103,4,0,4,533,1.382,9.0,1.0,3.4,7.5,2.19,71%,housead01
233,Bryan Hudson,27,L,2,1,.667,4.66,1,29.0,29,16,15,4,11,0,29,2,0,1,127,1.379,9.0,1.2,3.4,9.0,2.64,10%,hudsobr01
234,Dakota Hudson,29,R,7,5,.583,4.58,1,108.0,109,57,55,11,44,0,76,7,0,5,463,1.417,9.1,0.9,3.7,6.3,1.73,66%,hudsoda02
235,Kyle Hurt,26,R,1,1,.500,4.15,1,26.0,24,13,12,3,9,0,26,1,0,1,110,1.269,8.3,1.0,3.1,9.0,2.89,1%,hurtky01
236,Raisel Iglesias,34,R,4,4,.500,3.51,17,59.0,53,26,23,8,18,1,67,2,0,2,244,1.203,8.1,1.2,2.7,10.2,3.72,55%,iglesra01
237,Kolton Ingram,27,L,1,1,.500,4.50,1,28.0,27,16,14,4,11,0,28,1,0,1,120,1.357,8.7,1.3,3.5,9.0,2.55,7%,ingrako01
238,Cole Irvin,30,L,5,7,.417,4.29,1,109.0,108,57,52,15,29,1,89,6,0,3,462,1.257,8.9,1.2,2.4,7.3,3.07,73%,irvinco01
239,Jake Irvin,27,R,5,7,.417,4.50,2,120.0,115,64,60,18,50,1,108,7,1,3,522,1.375,8.6,1.4,3.8,8.1,2.16,57%,irvinja01
240,Luke Jackson,32,R,2,2,.500,3.64,1,42.0,37,19,17,5,17,1,44,2,1,2,177,1.286,7.9,1.1,3.6,9.4,2.59,37%,jackslu01
241,Zach Jackson,29,R,2,2,.500,3.92,2,39.0,34,18,17,4,18,1,43,2,0,4,166,1.333,7.8,0.9,4.2,9.9,2.39,35%,jacksza02
242,Alek Jacob,26,R,1,1,.500,4.15,1,26.0,24,13,12,3,10,0,27,1,0,1,112,1.308,8.3,1.0,3.5,9.3,2.70,2%,jacobal01
243,Joe Jacques,29,L,2,2,.500,4.50,1,40.0,40,22,20,5,15,1,37,4,0,1,173,1.375,9.0,1.1,3.4,8.3,2.47,23%,jacqujo01
244,Drey Jameson,26,R,4,2,.667,3.81,2,59.0,55,26,25,8,22,0,57,2,0,2,251,1.305,8.4,1.2,3.4,8.7,2.59,37%,jamesdr01
245,Kenley Jansen,36,R,3,4,.429,3.83,20,54.0,46,25,23,7,21,1,59,2,1,2,225,1.241,7.7,1.2,3.5,9.8,2.81,53%,janseke01
246,Bryce Jarvis,26,R,3,2,.600,4.05,1,40.0,35,20,18,5,15,0,36,2,0,1,168,1.250,7.9,1.1,3.4,8.1,2.40,19%,jarvibr01
247,Cristian Javier,27,R,9,6,.600,3.87,1,149.0,119,67,64,21,57,1,165,7,0,5,621,1.181,7.2,1.3,3.4,10.0,2.89,75%,javiecr01
248,Griffin Jax,29,R,5,6,.455,4.36,2,66.0,60,34,32,9,22,1,66,3,0,2,279,1.242,8.2,1.2,3.0,9.0,3.00,59%,jaxgr01
249,Dany Jiménez,30,R,2,3,.400,4.17,4,41.0,34,20,19,5,18,1,39,1,0,2,172,1.268,7.5,1.1,4.0,8.6,2.17,32%,jimenda01
250,Joe Jiménez,29,R,3,3,.500,3.97,1,59.0,53,29,26,8,20,0,68,3,0,2,250,1.237,8.1,1.2,3.1,10.4,3.40,54%,jimenjo02
251,Pierce Johnson,33,R,3,4,.429,4.19,5,58.0,56,30,27,8,25,1,68,2,0,3,251,1.397,8.7,1.2,3.9,10.6,2.72,50%,johnspi01
252,Ben Joyce,23,R,2,2,.500,4.20,1,30.0,27,16,14,4,12,0,30,2,0,1,130,1.300,8.1,1.2,3.6,9.0,2.50,11%,joycebe01
253,Janson Junk,28,R,3,3,.500,4.58,1,53.0,52,29,27,8,19,1,52,2,0,2,230,1.340,8.8,1.4,3.2,8.8,2.74,17%,junkja01
254,Evan Justice,25,L,2,1,.667,4.66,1,29.0,29,16,15,4,12,0,28,2,0,2,125,1.414,9.0,1.2,3.7,8.7,2.33,10%,justiev01
255,Tommy Kahnle,34,R,2,3,.400,3.83,2,47.0,39,22,20,6,19,0,48,3,0,2,194,1.234,7.5,1.1,3.6,9.2,2.53,33%,kahnlto01
256,James Karinchak,28,R,3,3,.500,3.75,3,48.0,38,23,20,6,24,1,58,2,0,2,207,1.292,7.1,1.1,4.5,10.9,2.42,47%,karinja01
257,Mitch Keller,28,R,9,10,.474,4.34,1,172.0,171,89,83,20,59,1,172,11,1,4,741,1.337,8.9,1.0,3.1,9.0,2.92,78%,kellemi03
258,Joe Kelly,36,R,2,4,.333,4.59,2,49.0,44,27,25,5,21,0,56,3,1,4,209,1.327,8.1,0.9,3.9,10.3,2.67,46%,kellyjo05
259,Kevin Kelly,26,R,4,3,.571,3.88,1,58.0,51,27,25,5,18,1,54,5,0,2,246,1.190,7.9,0.8,2.8,8.4,3.00,41%,kellyke02
260,Merrill Kelly,35,R,10,8,.556,3.78,1,169.0,150,75,71,20,60,1,159,4,2,4,694,1.243,8.0,1.1,3.2,8.5,2.65,79%,kellyme01
261,Michael Kelly,31,R,2,2,.500,4.24,1,34.0,31,17,16,4,13,0,33,2,0,2,144,1.294,8.2,1.1,3.4,8.7,2.54,17%,kellymi03
262,Zack Kelly,29,R,2,1,.667,4.35,1,31.0,29,16,15,4,13,0,29,2,0,1,134,1.355,8.4,1.2,3.8,8.4,2.23,17%,kellyza01
263,Orion Kerkering,23,R,2,1,.667,4.15,1,26.0,24,13,12,3,10,0,28,1,0,1,114,1.308,8.3,1.0,3.5,9.7,2.80,3%,kerkeor01
264,Ray Kerr,29,L,2,2,.500,4.62,1,39.0,37,21,20,6,15,1,40,2,0,2,166,1.333,8.5,1.4,3.5,9.2,2.67,24%,kerrra01
265,Yusei Kikuchi,33,L,9,7,.563,4.41,1,149.0,145,80,73,26,57,0,159,6,0,6,638,1.356,8.8,1.6,3.4,9.6,2.79,75%,kikucyu01
266,Caleb Kilian,27,R,2,3,.400,5.40,1,50.0,50,32,30,6,21,1,48,4,0,3,220,1.420,9.0,1.1,3.8,8.6,2.29,15%,kiliaca01
267,Craig Kimbrel,36,R,5,5,.500,3.88,15,65.0,53,31,28,8,27,1,77,4,1,4,274,1.231,7.3,1.1,3.7,10.7,2.85,57%,kimbrcr01
268,John King,29,L,3,3,.500,4.04,1,49.0,51,25,22,5,16,1,39,2,0,1,208,1.367,9.4,0.9,2.9,7.2,2.44,48%,kingjo01
269,Michael King,29,R,5,6,.455,3.41,4,87.0,76,36,33,9,30,1,98,4,1,3,364,1.218,7.9,0.9,3.1,10.1,3.27,62%,kingmi01
270,Tyler Kinley,33,R,2,3,.400,4.37,2,35.0,35,18,17,5,13,0,35,2,0,2,153,1.371,9.0,1.3,3.3,9.0,2.69,38%,kinlety01
271,George Kirby,26,R,11,8,.579,3.59,1,168.0,160,71,67,19,31,1,163,6,0,3,689,1.137,8.6,1.0,1.7,8.7,5.26,74%,kirbyge01
272,Andrew Kittredge,34,R,3,2,.600,3.71,2,34.0,31,16,14,5,10,1,32,2,0,1,141,1.206,8.2,1.3,2.6,8.5,3.20,33%,kittran01
273,Michael Kopech,28,R,6,9,.400,4.54,1,127.0,108,68,64,21,67,1,130,7,1,6,553,1.378,7.7,1.5,4.7,9.2,1.94,72%,kopecmi01
274,Jackson Kowar,27,R,2,2,.500,5.52,1,44.0,47,30,27,7,21,0,44,2,0,3,197,1.545,9.6,1.4,4.3,9.0,2.10,38%,kowarja01
275,Max Kranick,26,R,3,3,.500,4.32,1,50.0,48,26,24,6,19,1,48,3,0,2,214,1.340,8.6,1.1,3.4,8.6,2.53,15%,kranima01
276,Dean Kremer,28,R,10,7,.588,4.16,1,158.0,155,78,73,23,52,0,140,6,0,6,671,1.310,8.8,1.3,3.0,8.0,2.69,74%,kremede01
277,Matt Krook,29,L,1,1,.500,5.33,1,27.0,27,17,16,4,11,0,26,1,0,1,118,1.407,9.0,1.3,3.7,8.7,2.36,6%,krookma01
278,Jimmy Lambert,29,R,2,3,.400,4.50,1,50.0,49,27,25,8,22,1,50,2,0,2,220,1.420,8.8,1.4,4.0,9.0,2.27,45%,lambeji01
279,Peter Lambert,27,R,4,6,.400,4.93,1,84.0,85,48,46,14,29,0,77,4,0,2,363,1.357,9.1,1.5,3.1,8.3,2.66,49%,lambepe01
280,Alex Lange,28,R,5,4,.556,3.94,10,64.0,53,32,28,7,32,1,72,4,0,6,278,1.328,7.5,1.0,4.5,10.1,2.25,57%,langeal01
281,Jake Latz,28,L,2,2,.500,3.94,1,32.0,28,16,14,4,12,0,31,1,0,1,134,1.250,7.9,1.1,3.4,8.7,2.58,7%,latzja01
282,Justin Lawrence,29,R,4,4,.500,4.43,5,67.0,63,36,33,7,31,2,68,4,0,3,291,1.403,8.5,0.9,4.2,9.1,2.19,55%,lawreju01
283,José Leclerc,30,R,2,3,.400,3.57,4,58.0,47,26,23,7,25,1,62,3,0,2,244,1.241,7.3,1.1,3.9,9.6,2.48,48%,leclejo01
284,Dylan Lee,29,L,3,2,.600,3.86,1,42.0,39,21,18,6,14,0,44,1,0,1,179,1.262,8.4,1.3,3.0,9.4,3.14,37%,leedy01
285,Casey Legumina,27,R,2,2,.500,4.65,1,31.0,31,18,16,5,13,0,31,1,0,1,136,1.419,9.0,1.5,3.8,9.0,2.38,13%,legumca01
286,Mark Leiter Jr.,33,R,2,4,.333,4.02,3,65.0,55,32,29,9,25,1,69,6,1,3,274,1.231,7.6,1.2,3.5,9.6,2.76,53%,leitema02
287,Matthew Liberatore,24,L,4,5,.444,4.78,1,79.0,79,46,42,9,31,1,71,4,0,5,346,1.392,9.0,1.0,3.5,8.1,2.29,49%,liberma01
288,Zack Littell,28,R,4,5,.444,4.22,2,81.0,80,41,38,12,22,1,74,3,0,3,344,1.259,8.9,1.3,2.4,8.2,3.36,60%,litteza01
289,Brendon Little,27,L,1,2,.333,4.68,1,25.0,24,14,13,4,9,0,24,1,0,1,108,1.320,8.6,1.4,3.2,8.6,2.67,1%,littlbr02
290,Brendon Little,27,L,1,2,.333,4.68,1,25.0,24,14,13,4,9,0,24,1,0,1,108,1.320,8.6,1.4,3.2,8.6,2.67,1%,littlbr02
291,Luke Little,23,L,2,1,.667,3.86,1,28.0,26,13,12,4,11,0,30,2,0,1,122,1.321,8.4,1.3,3.5,9.6,2.73,7%,littllu01
292,Ben Lively,32,R,5,6,.455,4.95,1,91.0,94,52,50,17,30,1,85,4,0,2,393,1.363,9.3,1.7,3.0,8.4,2.83,49%,livelbe01
293,Mauricio Llovera,28,R,2,3,.400,4.60,1,45.0,43,26,23,6,18,2,43,3,0,2,195,1.356,8.6,1.2,3.6,8.6,2.39,35%,llovema01
294,Jonathan Loáisiga,29,R,2,2,.500,3.92,1,39.0,35,18,17,4,13,1,34,2,0,1,162,1.231,8.1,0.9,3.0,7.8,2.62,43%,loaisjo01
295,Nick Lodolo,26,L,4,5,.444,4.45,1,87.0,87,45,43,14,31,1,102,11,0,4,382,1.356,9.0,1.4,3.2,10.6,3.29,53%,lodolni01
296,Jacob Lopez,26,L,2,2,.500,4.28,2,40.0,38,21,19,5,14,0,38,2,0,2,171,1.300,8.6,1.1,3.2,8.6,2.71,12%,lopezja04
297,Jorge López,31,R,4,4,.500,4.78,6,64.0,64,37,34,9,26,2,60,6,1,4,280,1.406,9.0,1.3,3.7,8.4,2.31,62%,lopezjo02
298,Jorge López,31,R,4,4,.500,4.78,6,64.0,64,37,34,9,26,2,60,6,1,4,280,1.406,9.0,1.3,3.7,8.4,2.31,62%,lopezjo02
299,Pablo López,28,R,10,8,.556,3.81,1,175.0,157,77,74,22,50,1,192,8,0,6,725,1.183,8.1,1.1,2.6,9.9,3.84,78%,lopezpa01
300,Reynaldo López,30,R,4,5,.444,3.68,3,66.0,55,29,27,7,24,1,69,2,0,3,272,1.197,7.5,1.0,3.3,9.4,2.88,57%,lopezre01
301,Joey Lucchesi,31,L,5,3,.625,3.94,2,80.0,76,39,35,10,29,1,72,4,1,3,341,1.313,8.6,1.1,3.3,8.1,2.48,38%,lucchjo01
302,Seth Lugo,34,R,6,6,.500,3.91,2,115.0,111,53,50,16,35,1,113,4,0,3,484,1.270,8.7,1.3,2.7,8.8,3.23,68%,lugose01
303,Jesús Luzardo,26,L,9,10,.474,4.01,1,157.0,140,76,70,20,55,1,178,6,1,7,661,1.242,8.0,1.1,3.2,10.2,3.24,74%,luzarje01
304,Jordan Lyles,33,R,8,13,.381,5.37,1,166.0,172,104,99,31,50,0,130,7,0,7,709,1.337,9.3,1.7,2.7,7.0,2.60,79%,lylesjo01
305,Daniel Lynch IV,27,L,5,8,.385,4.82,1,99.0,104,57,53,15,37,1,88,4,1,4,436,1.424,9.5,1.4,3.4,8.0,2.38,64%,lynchda02
306,Lance Lynn,37,R,11,9,.550,4.83,1,164.0,163,97,88,31,53,1,166,9,0,4,704,1.317,8.9,1.7,2.9,9.1,3.13,77%,lynnla01
307,Lance Lynn,37,R,11,9,.550,4.83,1,164.0,163,97,88,31,53,1,166,9,0,4,704,1.317,8.9,1.7,2.9,9.1,3.13,77%,lynnla01
308,Kenta Maeda,36,R,6,7,.462,4.46,1,111.0,106,58,55,17,36,1,115,5,0,3,465,1.279,8.6,1.4,2.9,9.3,3.19,59%,maedake01
309,Tyler Mahle,29,R,5,5,.500,4.13,1,85.0,76,42,39,12,30,0,89,3,0,2,356,1.247,8.0,1.3,3.2,9.4,2.97,63%,mahlety01
310,Matt Manning,26,R,6,6,.500,4.11,1,105.0,93,53,48,13,34,0,85,5,0,2,444,1.210,8.0,1.1,2.9,7.3,2.50,61%,mannima02
311,Alek Manoah,26,R,8,7,.533,3.80,1,123.0,105,56,52,15,49,1,120,10,1,3,527,1.252,7.7,1.1,3.6,8.8,2.45,73%,manoaal01
312,Joe Mantiply,33,L,2,3,.400,4.06,1,51.0,50,26,23,6,15,1,47,2,0,2,216,1.275,8.8,1.1,2.6,8.3,3.13,49%,mantijo01
313,Ron Marinaccio,28,R,3,3,.500,3.91,2,53.0,43,25,23,6,24,0,58,5,0,3,226,1.264,7.3,1.0,4.1,9.8,2.42,45%,marinro01
314,Germán Márquez,29,R,5,6,.455,4.70,1,88.0,86,49,46,13,30,1,80,3,1,4,374,1.318,8.8,1.3,3.1,8.2,2.67,68%,marquge01
315,Alec Marsh,26,R,4,7,.364,4.96,1,78.0,76,46,43,13,34,0,84,6,0,2,347,1.410,8.8,1.5,3.9,9.7,2.47,46%,marshal01
316,Yunior Marte,29,R,2,2,.500,4.78,2,49.0,50,29,26,7,20,0,48,3,0,2,217,1.429,9.2,1.3,3.7,8.8,2.40,45%,marteyu01
317,Chris Martin,38,R,4,2,.667,3.38,2,56.0,54,22,21,6,14,2,55,2,0,3,231,1.214,8.7,1.0,2.3,8.8,3.93,51%,martich02
318,Corbin Martin,28,R,2,2,.500,4.73,1,40.0,40,23,21,6,17,0,39,2,0,2,175,1.425,9.0,1.4,3.8,8.8,2.29,19%,martico02
319,Davis Martin,27,R,3,4,.429,4.50,1,54.0,51,29,27,7,19,1,49,3,0,2,230,1.296,8.5,1.2,3.2,8.2,2.58,31%,martida03
320,Adrián Martinez,27,R,3,4,.429,4.83,1,69.0,71,40,37,11,24,1,64,4,0,4,299,1.377,9.3,1.4,3.1,8.3,2.67,51%,martiad01
321,Justin Martinez,22,R,2,1,.667,5.10,1,30.0,28,18,17,4,13,1,32,2,0,1,132,1.367,8.4,1.2,3.9,9.6,2.46,12%,martiju01
322,Nick Martínez,33,R,5,4,.556,3.84,3,96.0,90,44,41,12,37,1,90,4,0,3,408,1.323,8.4,1.1,3.5,8.4,2.43,66%,martini01
323,Seth Martinez,29,R,2,3,.400,4.32,1,50.0,47,27,24,6,20,1,50,3,0,1,217,1.340,8.5,1.1,3.6,9.0,2.50,43%,martise01
324,Steven Matz,33,L,7,6,.538,4.25,1,108.0,111,55,51,14,34,0,105,4,1,3,464,1.343,9.3,1.2,2.8,8.8,3.09,67%,matzst01
325,Tyler Matzek,33,L,2,2,.500,4.03,1,29.0,25,14,13,3,14,1,28,1,0,2,125,1.345,7.8,0.9,4.3,8.7,2.00,34%,matzety01
326,Dustin May,26,R,6,4,.600,3.83,2,87.0,70,39,37,9,32,1,81,5,0,2,361,1.172,7.2,0.9,3.3,8.4,2.53,43%,maydu01
327,Tim Mayza,32,L,4,2,.667,3.38,2,56.0,52,23,21,6,18,2,55,2,0,2,233,1.250,8.4,1.0,2.9,8.8,3.06,51%,mayzati01
328,James McArthur,27,R,2,2,.500,4.50,3,40.0,37,21,20,5,13,0,40,2,0,2,170,1.250,8.3,1.1,2.9,9.0,3.08,18%,mcartja01
329,Darren McCaughan,28,R,2,2,.500,4.35,1,31.0,30,17,15,4,12,0,31,1,0,1,133,1.355,8.7,1.2,3.5,9.0,2.58,9%,mccauda01
330,Shane McClanahan,27,L,10,5,.667,3.36,1,134.0,111,52,50,17,42,1,147,3,0,5,546,1.142,7.5,1.1,2.8,9.9,3.50,73%,mcclash01
331,Lance McCullers Jr.,30,R,4,3,.571,3.60,1,65.0,56,28,26,7,27,0,67,3,0,2,273,1.277,7.8,1.0,3.7,9.3,2.48,47%,mcculla02
332,Scott McGough,34,R,3,5,.375,4.57,5,61.0,56,34,31,10,25,1,65,2,0,2,260,1.328,8.3,1.5,3.7,9.6,2.60,43%,mcgousc01
333,Triston McKenzie,26,R,4,6,.400,3.87,1,86.0,68,38,37,12,30,0,88,3,0,3,352,1.140,7.1,1.3,3.1,9.2,2.93,65%,mckentr01
334,John McMillon,26,R,1,1,.500,4.33,1,27.0,24,14,13,4,9,0,28,1,0,1,114,1.222,8.0,1.3,3.0,9.3,3.11,3%,mcmiljo01
335,John Means,31,L,3,4,.429,4.00,1,72.0,63,34,32,11,21,0,63,3,0,2,300,1.167,7.9,1.4,2.6,7.9,3.00,43%,meansjo01
336,Nick Mears,27,R,2,2,.500,4.11,1,35.0,32,18,16,4,15,0,35,2,0,2,151,1.343,8.2,1.0,3.9,9.0,2.33,24%,mearsni01
337,Victor Mederos,23,R,1,1,.500,4.50,1,26.0,25,14,13,3,10,0,27,1,0,1,114,1.346,8.7,1.0,3.5,9.3,2.70,4%,medervi01
338,Luis Medina,25,R,4,8,.333,4.89,2,105.0,100,62,57,14,47,2,105,6,1,7,465,1.400,8.6,1.2,4.0,9.0,2.23,55%,medinlu02
339,Trevor Megill,30,R,3,2,.600,4.50,1,48.0,49,26,24,6,18,0,53,2,0,2,207,1.396,9.2,1.1,3.4,9.9,2.94,44%,megiltr01
340,Tylor Megill,28,R,8,7,.533,4.65,1,124.0,128,70,64,19,49,0,117,5,0,6,543,1.427,9.3,1.4,3.6,8.5,2.39,67%,megilty01
341,Julian Merryweather,32,R,3,3,.500,4.36,2,64.0,59,32,31,9,27,1,70,3,0,3,273,1.344,8.3,1.3,3.8,9.8,2.59,50%,merryju01
342,Max Meyer,25,R,3,4,.429,4.50,2,60.0,57,32,30,9,22,1,61,3,0,2,259,1.317,8.6,1.4,3.3,9.2,2.77,4%,meyerma01
343,Miles Mikolas,35,R,9,11,.450,4.35,1,180.0,183,92,87,24,43,0,136,7,1,4,754,1.256,9.2,1.2,2.2,6.8,3.16,78%,mikolmi01
344,Wade Miley,37,L,8,6,.571,3.73,1,123.0,114,55,51,16,43,0,95,4,0,3,516,1.276,8.3,1.2,3.1,7.0,2.21,67%,mileywa01
345,Bobby Miller,25,R,9,5,.643,3.98,2,122.0,106,56,54,14,37,1,121,6,0,7,507,1.172,7.8,1.0,2.7,8.9,3.27,56%,millebo06
346,Bryce Miller,25,R,8,7,.533,4.32,2,125.0,117,62,60,17,33,1,120,6,0,3,523,1.200,8.4,1.2,2.4,8.6,3.64,57%,millebr04
347,Mason Miller,25,R,3,4,.429,4.14,1,63.0,55,31,29,7,25,1,65,4,0,3,266,1.270,7.9,1.0,3.6,9.3,2.60,26%,millema03
348,Shelby Miller,33,R,3,2,.600,3.83,1,47.0,39,22,20,6,20,1,47,2,0,2,198,1.255,7.5,1.1,3.8,9.0,2.35,34%,millesh01
349,Hoby Milner,33,L,3,3,.500,3.57,1,63.0,58,28,25,7,18,0,61,4,0,2,265,1.206,8.3,1.0,2.6,8.7,3.39,54%,milneho01
350,A.J. Minter,30,L,4,5,.444,3.66,5,64.0,56,29,26,7,21,1,74,2,1,2,265,1.203,7.9,1.0,3.0,10.4,3.52,56%,minteaj01
351,Casey Mize,27,R,3,4,.429,4.13,1,61.0,56,30,28,9,20,0,55,3,0,2,257,1.246,8.3,1.3,3.0,8.1,2.75,37%,mizeca01
352,Carmen Mlodzinski,25,R,3,3,.500,3.68,1,44.0,39,21,18,5,18,1,44,2,0,1,187,1.295,8.0,1.0,3.7,9.0,2.44,28%,mlodzca01
353,Sam Moll,32,L,3,3,.500,3.69,1,61.0,52,27,25,6,27,4,62,5,0,3,261,1.295,7.7,0.9,4.0,9.1,2.30,50%,mollsa01
354,Frankie Montas,31,R,4,5,.444,4.01,1,74.0,69,36,33,9,25,1,74,3,0,3,312,1.270,8.4,1.1,3.0,9.0,2.96,63%,montafr02
355,Rafael Montero,33,R,4,3,.571,4.43,5,65.0,64,35,32,8,25,1,68,3,0,2,280,1.369,8.9,1.1,3.5,9.4,2.72,58%,montera01
356,McKinley Moore,25,R,1,1,.500,4.67,1,27.0,25,15,14,4,11,0,26,2,0,1,116,1.333,8.3,1.3,3.7,8.7,2.36,5%,mooremc01
357,Adrián Morejón,25,L,2,2,.500,4.37,1,35.0,34,19,17,5,13,0,34,1,0,1,151,1.343,8.7,1.3,3.3,8.7,2.62,27%,morejad01
358,Dauri Moreta,28,R,3,3,.500,4.34,2,58.0,49,30,28,8,22,1,64,3,0,2,244,1.224,7.6,1.2,3.4,9.9,2.91,47%,moretda01
359,Eli Morgan,28,R,4,3,.571,4.30,1,67.0,64,35,32,10,21,1,70,2,1,2,287,1.269,8.6,1.3,2.8,9.4,3.33,60%,morgael01
360,Cody Morris,27,R,2,2,.500,4.29,1,42.0,40,22,20,6,18,0,42,2,0,1,182,1.381,8.6,1.3,3.9,9.0,2.33,21%,morrico01
361,Charlie Morton,40,R,11,9,.550,4.13,1,159.0,146,77,73,19,69,1,171,13,1,4,679,1.352,8.3,1.1,3.9,9.7,2.48,78%,mortoch02
362,Kyle Muller,26,L,4,6,.400,5.83,1,88.0,100,58,57,14,39,1,79,4,1,5,400,1.580,10.2,1.4,4.0,8.1,2.03,54%,mulleky01
363,Andrés Muñoz,25,R,3,5,.375,3.54,6,56.0,46,24,22,5,20,2,69,4,1,3,234,1.179,7.4,0.8,3.2,11.1,3.45,49%,munozan01
364,Penn Murfee,30,R,2,2,.500,3.69,1,39.0,32,18,16,5,15,1,40,2,0,1,163,1.205,7.4,1.2,3.5,9.2,2.67,37%,murfepe01
365,Chris Murphy,26,L,2,2,.500,4.41,1,49.0,47,26,24,6,18,0,49,2,0,3,212,1.327,8.6,1.1,3.3,9.0,2.72,35%,murphch01
366,Joe Musgrove,31,R,9,5,.643,3.43,1,126.0,113,52,48,15,35,1,128,10,1,3,524,1.175,8.1,1.1,2.5,9.1,3.66,74%,musgrjo01
367,Parker Mushinski,28,L,2,2,.500,4.64,1,33.0,32,18,17,5,12,0,33,3,0,1,143,1.333,8.7,1.4,3.3,9.0,2.75,18%,mushipa01
368,James Naile,31,R,2,2,.500,5.18,1,33.0,36,21,19,4,13,0,29,1,0,1,147,1.485,9.8,1.1,3.5,7.9,2.23,21%,naileja01
369,Andrew Nardi,25,L,5,2,.714,4.09,2,55.0,51,27,25,8,22,1,63,3,0,1,237,1.327,8.3,1.3,3.6,10.3,2.86,42%,nardian01
370,Kyle Nelson,27,L,4,3,.571,4.03,1,58.0,54,29,26,8,20,1,59,3,0,2,245,1.276,8.4,1.2,3.1,9.2,2.95,47%,nelsoky01
371,Nick Nelson,28,R,2,2,.500,4.75,1,36.0,34,20,19,4,16,0,36,2,0,3,159,1.389,8.5,1.0,4.0,9.0,2.25,38%,nelsoni01
372,Ryne Nelson,26,R,7,7,.500,4.74,2,131.0,131,72,69,20,44,1,106,3,1,5,561,1.336,9.0,1.4,3.0,7.3,2.41,62%,nelsory01
373,Sean Newcomb,31,L,2,2,.500,4.97,1,38.0,36,22,21,5,18,0,39,2,0,2,167,1.421,8.5,1.2,4.3,9.2,2.17,33%,newcose01
374,Kyle Nicolas,25,R,2,1,.667,4.50,1,28.0,26,15,14,4,11,0,28,2,0,1,119,1.321,8.4,1.3,3.5,9.0,2.55,6%,nicolky01
375,Aaron Nola,31,R,10,9,.526,4.17,1,177.0,160,87,82,24,42,1,191,5,0,3,725,1.141,8.1,1.2,2.1,9.7,4.55,80%,nolaaa01
376,Riley O'Brien,29,R,2,2,.500,4.38,1,37.0,35,19,18,5,14,0,36,2,0,1,158,1.324,8.5,1.2,3.4,8.8,2.57,2%,obrieri01
377,Bailey Ober,28,R,7,6,.538,3.81,1,137.0,124,62,58,20,35,0,137,6,1,2,565,1.161,8.1,1.3,2.3,9.0,3.91,68%,oberba01
378,Steven Okert,32,L,4,3,.571,4.20,1,60.0,52,30,28,9,25,1,66,4,0,2,255,1.283,7.8,1.4,3.8,9.9,2.64,52%,okertst01
379,Reese Olson,24,R,6,6,.500,4.12,2,107.0,91,52,49,14,36,1,108,3,1,4,445,1.187,7.7,1.2,3.0,9.1,3.00,51%,olsonre01
380,Kaleb Ort,32,R,2,3,.400,5.05,1,41.0,43,26,23,7,17,1,40,2,0,2,181,1.463,9.4,1.5,3.7,8.8,2.35,33%,ortka01
381,Oliver Ortega,27,R,2,2,.500,4.25,1,36.0,33,19,17,5,14,0,35,2,0,2,153,1.306,8.3,1.3,3.5,8.8,2.50,30%,ortegol01
382,Luis Ortiz,28,R,2,2,.500,4.11,1,35.0,34,17,16,4,12,0,33,1,0,1,150,1.314,8.7,1.0,3.1,8.5,2.75,20%,ortizlu02
383,Luis Ortiz,25,R,5,6,.455,4.50,2,100.0,99,54,50,14,46,1,87,3,0,3,442,1.450,8.9,1.3,4.1,7.8,1.89,53%,ortizlu03
384,Glenn Otto,28,R,3,4,.429,4.94,1,71.0,67,41,39,12,30,0,64,5,0,2,308,1.366,8.5,1.5,3.8,8.1,2.13,55%,ottogl01
385,Johan Oviedo,26,R,8,10,.444,4.20,1,148.0,134,74,69,17,65,1,139,10,2,6,647,1.345,8.1,1.0,4.0,8.5,2.14,72%,oviedjo01
386,Chris Paddack,28,R,4,3,.571,4.50,1,58.0,58,32,29,7,17,1,57,2,0,2,249,1.293,9.0,1.1,2.6,8.8,3.35,37%,paddach01
387,Emilio Pagán,33,R,4,4,.500,4.09,3,66.0,57,33,30,9,24,1,68,2,0,2,276,1.227,7.8,1.2,3.3,9.3,2.83,58%,paganem01
388,Daniel Palencia,24,R,3,3,.500,4.38,1,39.0,35,20,19,5,15,0,41,2,0,3,167,1.282,8.1,1.2,3.5,9.5,2.73,23%,palenda01
389,Andre Pallante,25,R,4,3,.571,4.13,1,72.0,73,34,33,8,28,1,58,3,0,4,312,1.403,9.1,1.0,3.5,7.3,2.07,60%,pallaan01
390,Wes Parsons,31,R,3,4,.429,5.08,2,62.0,63,37,35,10,24,1,59,4,0,4,271,1.403,9.1,1.5,3.5,8.6,2.46,6%,parsowe01
391,Luis Patiño,24,R,3,3,.500,4.66,1,56.0,53,31,29,8,24,1,52,2,0,3,245,1.375,8.5,1.3,3.9,8.4,2.17,41%,patinlu01
392,Joel Payamps,30,R,4,5,.444,3.55,2,66.0,61,29,26,8,20,1,63,3,1,2,277,1.227,8.3,1.1,2.7,8.6,3.15,56%,payamjo01
393,Nate Pearson,27,R,4,2,.667,4.40,1,47.0,42,25,23,7,19,1,47,2,0,3,200,1.298,8.0,1.3,3.6,9.0,2.47,34%,pearsna01
394,Elvis Peguero,27,R,3,4,.429,4.26,1,57.0,53,30,27,7,22,1,53,3,0,2,243,1.316,8.4,1.1,3.5,8.4,2.41,44%,pegueel01
395,Ryan Pepiot,26,R,4,3,.571,3.65,1,69.0,57,29,28,10,25,0,69,4,0,2,287,1.188,7.4,1.3,3.3,9.0,2.76,40%,pepiory01
396,Freddy Peralta,28,R,10,8,.556,3.78,1,150.0,118,68,63,20,52,1,178,7,1,5,619,1.133,7.1,1.2,3.1,10.7,3.42,73%,peralfr01
397,Sammy Peralta,26,L,2,2,.500,4.11,1,35.0,33,18,16,4,14,0,34,1,0,1,151,1.343,8.5,1.0,3.6,8.7,2.43,18%,peralsa01
398,Ángel Perdomo,30,L,3,2,.600,4.38,1,39.0,35,21,19,5,16,1,44,3,0,1,167,1.308,8.1,1.2,3.7,10.2,2.75,26%,perdoan01
399,Cionel Pérez,28,L,4,3,.571,3.63,2,57.0,54,28,23,5,24,2,54,3,0,2,249,1.368,8.5,0.8,3.8,8.5,2.25,52%,perezci01
400,Eury Pérez,21,R,6,6,.500,3.60,2,105.0,88,46,42,15,36,1,120,4,1,5,442,1.181,7.5,1.3,3.1,10.3,3.33,48%,perezeu02
401,Francisco Pérez,26,L,2,2,.500,4.75,1,36.0,35,20,19,4,15,1,34,2,0,2,155,1.389,8.8,1.0,3.8,8.5,2.27,22%,perezfr01
402,Martín Pérez,33,L,9,6,.600,4.05,1,140.0,142,68,63,17,50,1,113,5,2,4,599,1.371,9.1,1.1,3.2,7.3,2.26,77%,perezma02
403,Martín Pérez,33,L,9,6,.600,4.05,1,140.0,142,68,63,17,50,1,113,5,2,4,599,1.371,9.1,1.1,3.2,7.3,2.26,77%,perezma02
404,David Peterson,28,L,5,7,.417,4.58,1,118.0,117,64,60,16,50,1,130,7,0,5,511,1.415,8.9,1.2,3.8,9.9,2.60,69%,peterda01
405,Brandon Pfaadt,25,R,5,8,.385,5.01,2,106.0,109,62,59,19,34,1,106,4,0,2,460,1.349,9.3,1.6,2.9,9.0,3.12,51%,pfaadbr01
406,Connor Phillips,23,R,4,4,.500,4.76,2,70.0,63,39,37,11,28,1,75,3,0,3,305,1.300,8.1,1.4,3.6,9.6,2.68,19%,phillco01
407,Evan Phillips,29,R,4,4,.500,3.05,10,62.0,47,24,21,6,18,1,65,3,0,1,249,1.048,6.8,0.9,2.6,9.4,3.61,51%,phillev01
408,Riley Pint,26,R,1,1,.500,4.32,1,25.0,24,13,12,3,10,0,25,1,0,1,108,1.360,8.6,1.1,3.6,9.0,2.50,1%,pintri01
409,Nick Pivetta,31,R,8,8,.500,4.37,1,138.0,123,70,67,21,53,1,152,5,1,6,584,1.275,8.0,1.4,3.5,9.9,2.87,77%,pivetni01
410,Zach Plesac,29,R,4,5,.444,4.66,1,83.0,87,48,43,12,25,0,68,3,0,3,359,1.349,9.4,1.3,2.7,7.4,2.72,63%,plesaza01
411,Colin Poche,30,L,6,3,.667,3.69,3,61.0,51,27,25,8,23,1,62,2,0,3,256,1.213,7.5,1.2,3.4,9.1,2.70,51%,pocheco01
412,Zach Pop,27,R,2,1,.667,4.25,1,36.0,34,18,17,5,12,0,33,2,0,1,152,1.278,8.5,1.3,3.0,8.3,2.75,38%,popza01
413,Cody Poteet,29,R,2,2,.500,4.28,1,40.0,37,21,19,6,16,0,38,2,0,1,171,1.325,8.3,1.4,3.6,8.6,2.38,23%,poteeco01
414,Ryan Pressly,35,R,4,4,.500,3.77,20,62.0,54,30,26,7,19,0,68,2,0,2,257,1.177,7.8,1.0,2.8,9.9,3.58,54%,pressry01
415,Quinn Priester,23,R,5,4,.556,5.42,2,78.0,77,49,47,13,33,1,71,4,0,4,344,1.410,8.9,1.5,3.8,8.2,2.15,37%,priesqu01
416,A.J. Puk,29,L,5,4,.556,4.05,7,60.0,56,30,27,8,20,2,68,4,0,3,257,1.267,8.4,1.2,3.0,10.2,3.40,53%,pukaj01
417,Cal Quantrill,29,R,7,6,.538,4.14,1,124.0,123,61,57,15,40,0,93,7,0,4,530,1.315,8.9,1.1,2.9,6.8,2.33,74%,quantca01
418,Cal Quantrill,29,R,7,6,.538,4.14,1,124.0,123,61,57,15,40,0,93,7,0,4,530,1.315,8.9,1.1,2.9,6.8,2.33,74%,quantca01
419,José Quijada,28,L,1,2,.333,4.36,2,33.0,29,18,16,4,14,1,36,2,0,1,143,1.303,7.9,1.1,3.8,9.8,2.57,32%,quijajo01
420,José Quintana,35,L,4,6,.400,3.88,1,109.0,108,52,47,10,38,1,97,3,0,3,462,1.339,8.9,0.8,3.1,8.0,2.55,69%,quintjo01
421,Cole Ragans,26,L,5,5,.500,3.98,1,95.0,81,46,42,10,38,1,99,3,0,5,399,1.253,7.7,0.9,3.6,9.4,2.61,56%,raganco01
422,Tanner Rainey,31,R,1,2,.333,4.50,3,28.0,27,16,14,4,12,0,29,1,0,1,123,1.393,8.7,1.3,3.9,9.3,2.42,26%,raineta01
423,Brooks Raley,36,L,2,3,.400,3.72,3,58.0,51,27,24,6,22,1,61,5,0,2,245,1.259,7.9,0.9,3.4,9.5,2.77,53%,raleybr01
424,Nick Ramirez,34,L,2,2,.500,4.00,1,45.0,45,23,20,5,15,1,39,2,1,1,194,1.333,9.0,1.0,3.0,7.8,2.60,34%,ramirni01
425,Yohan Ramírez,29,R,3,2,.600,4.31,1,48.0,45,25,23,6,20,1,46,6,0,2,209,1.354,8.4,1.1,3.8,8.6,2.30,45%,ramiryo01
426,Lane Ramsey,27,R,2,2,.500,4.63,1,35.0,35,19,18,4,13,0,34,1,0,2,152,1.371,9.0,1.0,3.3,8.7,2.62,19%,ramsela02
427,Drew Rasmussen,28,R,6,4,.600,3.34,1,89.0,77,36,33,9,26,1,84,3,0,5,366,1.157,7.8,0.9,2.6,8.5,3.23,63%,rasmudr01
428,Robbie Ray,32,L,5,5,.500,3.83,1,80.0,71,37,34,13,28,0,88,3,0,3,335,1.238,8.0,1.5,3.2,9.9,3.14,66%,rayro02
429,Colin Rea,33,R,6,6,.500,4.58,2,116.0,108,62,59,20,39,1,106,5,1,3,490,1.267,8.4,1.6,3.0,8.2,2.72,57%,reaco01
430,Sean Reid-Foley,28,R,2,2,.500,4.50,1,30.0,27,16,15,4,13,0,32,1,0,1,128,1.333,8.1,1.2,3.9,9.6,2.46,19%,reidfse01
431,Trevor Richards,31,R,3,2,.600,4.70,1,69.0,62,38,36,11,31,2,83,2,0,4,297,1.348,8.1,1.4,4.0,10.8,2.68,59%,richatr01
432,Lyon Richardson,24,R,3,4,.429,4.90,2,68.0,64,39,37,11,30,1,66,3,0,2,298,1.382,8.5,1.5,4.0,8.7,2.20,17%,richaly01
433,Nick Robertson,25,R,2,2,.500,4.74,1,38.0,38,22,20,5,14,1,39,1,0,1,166,1.368,9.0,1.2,3.3,9.2,2.79,21%,roberni01
434,Carlos Rodón,31,L,7,7,.500,4.09,1,110.0,94,53,50,14,38,0,128,5,0,7,458,1.200,7.7,1.1,3.1,10.5,3.37,70%,rodonca01
435,Eduardo Rodríguez,31,L,10,8,.556,3.97,1,145.0,135,69,64,17,50,0,138,4,0,3,608,1.276,8.4,1.1,3.1,8.6,2.76,73%,rodried05
436,Grayson Rodriguez,24,R,7,5,.583,4.31,2,121.0,115,61,58,16,42,1,127,4,0,4,513,1.298,8.6,1.2,3.1,9.4,3.02,56%,rodrigr01
437,Manuel Rodríguez,27,R,2,2,.500,4.50,2,26.0,24,14,13,3,11,0,25,1,0,1,113,1.346,8.3,1.0,3.8,8.7,2.27,14%,rodrima01
438,Yerry Rodríguez,26,R,2,2,.500,4.76,1,34.0,35,19,18,4,13,1,35,1,0,2,150,1.412,9.3,1.1,3.4,9.3,2.69,15%,rodriye01
439,Taylor Rogers,33,L,4,5,.444,4.42,9,57.0,51,31,28,7,22,2,65,4,0,2,243,1.281,8.1,1.1,3.5,10.3,2.95,53%,rogerta01
440,Trevor Rogers,26,L,4,6,.400,4.28,1,80.0,75,42,38,9,30,1,83,4,0,3,344,1.313,8.4,1.0,3.4,9.3,2.77,59%,rogertr01
441,Tyler Rogers,33,R,4,4,.500,3.65,3,69.0,66,31,28,7,21,1,57,4,0,1,292,1.261,8.6,0.9,2.7,7.4,2.71,61%,rogerty01
442,Drew Rom,24,L,4,5,.444,5.26,2,77.0,82,49,45,12,32,1,76,3,0,3,344,1.481,9.6,1.4,3.7,8.9,2.38,30%,romdr01
443,Jordan Romano,31,R,4,4,.500,3.39,22,61.0,51,25,23,7,23,3,67,3,0,1,255,1.213,7.5,1.0,3.4,9.9,2.91,56%,romanjo03
444,JoJo Romero,27,L,3,2,.600,4.20,2,45.0,40,23,21,5,16,0,46,2,0,2,189,1.244,8.0,1.0,3.2,9.2,2.88,34%,romerjo01
445,Kenny Rosenberg,28,L,3,3,.500,4.26,1,57.0,55,28,27,7,22,1,53,2,1,1,245,1.351,8.7,1.1,3.5,8.4,2.41,31%,rosenke01
446,Joe Ross,31,R,3,4,.429,4.34,1,58.0,55,31,28,8,21,1,57,3,0,2,249,1.310,8.5,1.2,3.3,8.8,2.71,28%,rossjo01
447,Michael Rucker,30,R,3,2,.600,4.59,1,51.0,49,27,26,7,20,0,49,2,0,2,217,1.353,8.6,1.2,3.5,8.6,2.45,48%,ruckemi01
448,Jackson Rutledge,25,R,4,4,.500,4.63,2,70.0,68,39,36,10,25,1,65,4,0,3,301,1.329,8.7,1.3,3.2,8.4,2.60,18%,rutleja01
449,Joe Ryan,28,R,11,9,.550,4.24,1,155.0,139,76,73,26,44,0,173,7,0,3,648,1.181,8.1,1.5,2.6,10.0,3.93,73%,ryanjo04
450,Andrew Saalfrank,26,L,2,1,.667,3.90,1,30.0,27,15,13,4,11,1,29,1,0,1,128,1.267,8.1,1.2,3.3,8.7,2.64,9%,saalfan01
451,Chris Sale,35,L,7,6,.538,4.34,2,112.0,103,58,54,16,37,1,122,8,0,3,471,1.250,8.3,1.3,3.0,9.8,3.30,56%,salech01
452,Cristopher Sánchez,27,L,5,5,.500,4.10,2,101.0,93,51,46,15,29,1,98,5,0,3,423,1.208,8.3,1.3,2.6,8.7,3.38,57%,sanchcr01
453,Nick Sandlin,27,R,4,4,.500,3.81,1,59.0,46,28,25,8,24,1,62,3,0,1,247,1.186,7.0,1.2,3.7,9.5,2.58,50%,sandlni01
454,Patrick Sandoval,27,L,7,10,.412,3.82,1,146.0,139,75,62,13,64,1,142,5,0,5,639,1.390,8.6,0.8,3.9,8.8,2.22,75%,sandopa02
455,Cole Sands,26,R,2,2,.500,4.50,1,42.0,40,22,21,6,17,0,41,2,0,2,184,1.357,8.6,1.3,3.6,8.8,2.41,33%,sandsco01
456,Gregory Santos,24,R,3,3,.500,4.03,3,58.0,57,29,26,6,19,1,59,3,1,2,253,1.310,8.8,0.9,2.9,9.2,3.11,43%,santogr01
457,Tayler Saucedo,31,L,3,2,.600,4.22,1,49.0,46,25,23,6,20,1,45,4,0,2,212,1.347,8.4,1.1,3.7,8.3,2.25,39%,sauceta01
458,Josh Sborz,30,R,4,4,.500,4.83,1,54.0,50,31,29,8,21,1,60,2,0,3,228,1.315,8.3,1.3,3.5,10.0,2.86,48%,sborzjo01
459,Max Scherzer,39,R,11,6,.647,3.52,1,151.0,126,61,59,22,42,0,167,7,0,3,610,1.113,7.5,1.3,2.5,10.0,3.98,75%,scherma01
460,Clarke Schmidt,28,R,8,8,.500,4.33,2,133.0,132,72,64,18,44,1,128,8,1,7,573,1.323,8.9,1.2,3.0,8.7,2.91,68%,schmicl01
461,Jesse Scholtens,30,R,3,7,.300,4.83,2,82.0,87,48,44,13,30,1,69,3,0,2,358,1.427,9.5,1.4,3.3,7.6,2.30,49%,scholje01
462,John Schreiber,30,R,3,3,.500,3.70,3,56.0,49,25,23,6,22,1,59,3,0,2,235,1.268,7.9,1.0,3.5,9.5,2.68,49%,schrejo01
463,Tanner Scott,29,L,6,5,.545,3.73,9,70.0,59,32,29,6,31,2,85,4,0,3,299,1.286,7.6,0.8,4.0,10.9,2.74,59%,scottta01
464,JP Sears,28,L,7,10,.412,4.38,1,150.0,142,77,73,25,49,2,138,10,0,3,636,1.273,8.5,1.5,2.9,8.3,2.82,70%,searsjp01
465,Colin Selby,26,R,3,3,.500,5.40,1,45.0,45,28,27,6,19,1,47,2,0,2,198,1.422,9.0,1.2,3.8,9.4,2.47,22%,selbyco01
466,Kodai Senga,31,R,9,7,.563,3.52,2,143.0,119,61,56,17,62,1,161,5,1,10,603,1.266,7.5,1.1,3.9,10.1,2.60,63%,sengako01
467,Antonio Senzatela,29,R,3,5,.375,4.56,1,73.0,83,40,37,9,21,0,57,3,0,2,316,1.425,10.2,1.1,2.6,7.0,2.71,57%,senzaan01
468,Luis Severino,30,R,6,7,.462,4.90,1,112.0,112,66,61,20,40,1,110,6,2,2,486,1.357,9.0,1.6,3.2,8.8,2.75,63%,severlu01
469,Paul Sewald,34,R,4,3,.571,3.63,16,62.0,49,27,25,9,23,2,71,2,0,2,254,1.161,7.1,1.3,3.3,10.3,3.09,55%,sewalpa01
470,Emmet Sheehan,24,R,5,3,.625,4.45,2,85.0,72,44,42,13,33,1,88,3,0,2,357,1.235,7.6,1.4,3.5,9.3,2.67,38%,sheehem01
471,Jared Shuster,25,L,6,5,.545,4.81,2,86.0,82,48,46,12,35,1,73,3,0,4,372,1.360,8.6,1.3,3.7,7.6,2.09,37%,shustja01
472,Chase Silseth,24,R,5,4,.556,4.44,1,75.0,67,40,37,12,31,0,77,3,1,4,323,1.307,8.0,1.4,3.7,9.2,2.48,43%,silsech01
473,Lucas Sims,30,R,5,3,.625,4.02,3,56.0,44,28,25,6,27,1,62,5,1,2,239,1.268,7.1,1.0,4.3,10.0,2.30,46%,simslu01
474,Brady Singer,27,R,8,9,.471,4.62,1,154.0,159,84,79,19,48,1,143,9,1,4,661,1.344,9.3,1.1,2.8,8.4,2.98,77%,singebr01
475,Tarik Skubal,27,L,7,6,.538,3.73,1,111.0,96,51,46,13,32,0,121,4,0,2,457,1.153,7.8,1.1,2.6,9.8,3.78,68%,skubata01
476,Ethan Small,27,L,2,2,.500,4.71,2,42.0,42,23,22,6,17,0,42,2,0,2,182,1.405,9.0,1.3,3.6,9.0,2.47,10%,smallet01
477,Drew Smith,30,R,4,4,.500,4.03,2,58.0,52,29,26,8,24,1,59,3,0,2,245,1.310,8.1,1.2,3.7,9.2,2.46,51%,smithdr01
478,Will Smith,34,L,2,5,.286,4.27,12,59.0,53,32,28,8,22,2,60,2,1,2,250,1.271,8.1,1.2,3.4,9.2,2.73,55%,smithwi04
479,AJ Smith-Shawver,21,R,4,3,.571,4.16,2,67.0,57,34,31,11,25,1,65,3,0,4,284,1.224,7.7,1.5,3.4,8.7,2.60,21%,smithaj01
480,Drew Smyly,35,L,9,9,.500,4.53,1,131.0,133,74,66,22,47,1,123,6,1,6,566,1.374,9.1,1.5,3.2,8.5,2.62,73%,smylydr01
481,Collin Snider,28,R,2,2,.500,4.85,1,39.0,40,22,21,5,17,0,34,2,0,1,171,1.462,9.2,1.2,3.9,7.8,2.00,33%,snideco01
482,George Soriano,25,R,2,2,.500,4.15,1,52.0,47,26,24,7,20,1,53,3,1,1,226,1.288,8.1,1.2,3.5,9.2,2.65,36%,soriage01
483,José Soriano,25,R,2,3,.400,4.11,1,46.0,41,24,21,6,19,1,51,4,1,2,198,1.304,8.0,1.2,3.7,10.0,2.68,32%,soriajo02
484,Michael Soroka,26,R,4,4,.500,4.82,2,71.0,70,40,38,12,26,1,69,5,0,3,308,1.352,8.9,1.5,3.3,8.7,2.65,27%,sorokmi01
485,Gregory Soto,29,L,3,5,.375,4.13,10,61.0,52,33,28,6,27,1,63,3,0,4,261,1.295,7.7,0.9,4.0,9.3,2.33,56%,sotogr01
486,Bennett Sousa,29,L,2,1,.667,4.94,1,31.0,30,18,17,4,12,0,30,1,0,2,135,1.355,8.7,1.2,3.5,8.7,2.50,20%,sousabe01
487,Alex Speas,26,R,1,2,.333,4.50,1,26.0,24,14,13,3,11,1,26,1,0,1,112,1.346,8.3,1.0,3.8,9.0,2.36,3%,speasal01
488,Gabe Speier,29,L,2,3,.400,4.00,1,54.0,50,26,24,7,16,2,55,3,0,2,226,1.222,8.3,1.2,2.7,9.2,3.44,41%,speiega01
489,Carson Spiers,26,R,2,3,.400,4.59,2,49.0,48,28,25,6,19,0,48,2,0,2,213,1.367,8.8,1.1,3.5,8.8,2.53,14%,spierca01
490,Jeffrey Springs,31,L,4,3,.571,3.23,1,64.0,54,26,23,8,19,0,69,2,0,2,263,1.141,7.6,1.1,2.7,9.7,3.63,55%,sprinje01
491,Josh Staumont,30,R,2,2,.500,4.62,2,39.0,35,22,20,4,19,0,41,2,0,3,170,1.385,8.1,0.9,4.4,9.5,2.16,42%,staumjo01
492,Justin Steele,28,L,11,7,.611,3.52,1,156.0,148,71,61,16,49,1,159,7,1,6,658,1.263,8.5,0.9,2.8,9.2,3.24,74%,steelju01
493,Trevor Stephan,28,R,5,5,.500,3.95,2,66.0,61,32,29,8,24,1,72,4,0,2,281,1.288,8.3,1.1,3.3,9.8,3.00,59%,stephtr01
494,Jackson Stephens,30,R,2,2,.500,4.14,1,37.0,35,20,17,4,15,1,35,2,0,1,160,1.351,8.5,1.0,3.6,8.5,2.33,34%,stephja01
495,Brock Stewart,32,R,2,2,.500,3.46,1,39.0,35,17,15,4,15,1,41,2,0,1,163,1.282,8.1,0.9,3.5,9.5,2.73,21%,stewabr01
496,Gavin Stone,25,R,3,3,.500,5.43,2,58.0,62,37,35,10,22,0,54,3,0,2,257,1.448,9.6,1.6,3.4,8.4,2.45,28%,stonega01
497,Levi Stoudt,26,R,2,3,.400,4.88,1,48.0,47,27,26,6,19,0,47,2,1,2,209,1.375,8.8,1.1,3.6,8.8,2.47,12%,stoudle01
498,Matt Strahm,32,L,6,5,.545,3.97,3,77.0,69,37,34,10,25,1,84,4,1,2,323,1.221,8.1,1.2,2.9,9.8,3.36,55%,strahma01
499,Stephen Strasburg,35,R,3,4,.429,4.80,2,60.0,59,34,32,9,24,1,58,3,0,2,260,1.383,8.9,1.4,3.6,8.7,2.42,11%,strasst01
500,Chris Stratton,33,R,5,3,.625,4.19,2,73.0,69,37,34,8,27,1,71,2,0,4,308,1.315,8.5,1.0,3.3,8.8,2.63,61%,stratch01
501,Spencer Strider,25,R,15,6,.714,3.69,1,161.0,126,70,66,17,53,1,226,7,1,6,664,1.112,7.0,1.0,3.0,12.6,4.26,74%,stridsp01
502,Ross Stripling,34,R,5,5,.500,4.46,1,105.0,107,54,52,17,26,0,91,3,1,2,443,1.267,9.2,1.5,2.2,7.8,3.50,69%,stripro01
503,Peter Strzelecki,29,R,3,3,.500,4.21,1,47.0,43,23,22,5,17,1,47,4,0,1,202,1.277,8.2,1.0,3.3,9.0,2.76,40%,strzepe01
504,José Suarez,26,L,5,5,.500,4.67,1,79.0,77,43,41,12,30,1,75,3,0,3,343,1.354,8.8,1.4,3.4,8.5,2.50,60%,suarejo01
505,Ranger Suárez,28,L,7,6,.538,3.82,2,132.0,126,61,56,14,49,1,123,4,1,4,562,1.326,8.6,1.0,3.3,8.4,2.51,74%,suarera01
506,Robert Suarez,33,R,4,3,.571,3.89,1,44.0,35,20,19,6,17,1,44,2,0,1,181,1.182,7.2,1.2,3.5,9.0,2.59,37%,suarero01
507,Erik Swanson,30,R,3,3,.500,3.38,3,64.0,55,26,24,8,20,1,69,2,0,1,261,1.172,7.7,1.1,2.8,9.7,3.45,53%,swanser01
508,Devin Sweet,27,R,2,1,.667,4.97,1,29.0,28,17,16,5,12,0,28,2,0,1,127,1.379,8.7,1.6,3.7,8.7,2.33,10%,sweetde01
509,Jameson Taillon,32,R,9,8,.529,4.50,1,154.0,151,84,77,25,42,1,140,6,0,3,649,1.253,8.8,1.5,2.5,8.2,3.33,77%,taillja01
510,Freddy Tarnok,25,R,2,2,.500,4.38,1,39.0,35,20,19,6,16,0,38,2,0,2,166,1.308,8.1,1.4,3.7,8.8,2.38,14%,tarnofr01
511,Dillon Tate,30,R,2,2,.500,3.94,2,32.0,29,16,14,4,10,0,29,2,0,2,135,1.219,8.2,1.1,2.8,8.2,2.90,42%,tatedi01
512,Josh Taylor,31,L,2,2,.500,4.89,1,35.0,35,20,19,5,14,1,37,2,0,1,151,1.400,9.0,1.3,3.6,9.5,2.64,28%,taylojo02
513,Caleb Thielbar,37,L,3,2,.600,3.91,1,46.0,42,22,20,7,15,1,50,1,1,2,193,1.239,8.2,1.4,2.9,9.8,3.33,48%,thielca01
514,Keegan Thompson,29,R,4,3,.571,4.20,1,60.0,54,30,28,8,26,0,58,3,0,3,259,1.333,8.1,1.2,3.9,8.7,2.23,57%,thompke02
515,Mason Thompson,26,R,3,3,.500,4.50,2,54.0,54,29,27,6,21,0,49,3,0,3,236,1.389,9.0,1.0,3.5,8.2,2.33,47%,thompma02
516,Ryan Thompson,32,R,2,3,.400,4.00,2,45.0,39,23,20,5,15,1,41,3,0,2,187,1.200,7.8,1.0,3.0,8.2,2.73,42%,thompry02
517,Zack Thompson,26,L,4,5,.444,4.11,1,70.0,65,34,32,9,26,0,70,2,0,3,298,1.300,8.4,1.2,3.3,9.0,2.69,49%,thompza02
518,Trent Thornton,30,R,2,3,.400,3.91,1,46.0,44,23,20,7,16,0,43,2,0,1,195,1.304,8.6,1.4,3.1,8.4,2.69,45%,thorntr01
519,Michael Tonkin,34,R,5,3,.625,4.43,1,65.0,58,34,32,10,22,1,61,3,1,2,271,1.231,8.0,1.4,3.0,8.4,2.77,45%,tonkimi01
520,Justin Topa,33,R,4,3,.571,3.90,2,60.0,58,30,26,6,20,2,55,3,0,1,254,1.300,8.7,0.9,3.0,8.3,2.75,44%,topaju01
521,Touki Toussaint,28,R,5,6,.455,4.59,1,96.0,81,51,49,12,50,1,95,7,1,4,416,1.365,7.6,1.1,4.7,8.9,1.90,57%,toussto01
522,Blake Treinen,36,R,2,2,.500,3.96,1,25.0,23,12,11,3,9,0,26,1,0,1,107,1.280,8.3,1.1,3.2,9.4,2.89,21%,treinbl01
523,Abner Uribe,24,R,2,2,.500,3.60,1,40.0,33,18,16,4,17,0,44,2,1,3,171,1.250,7.4,0.9,3.8,9.9,2.59,24%,uribeab01
524,José Urquidy,29,R,7,5,.583,4.32,1,102.0,97,51,49,17,31,0,87,4,1,3,431,1.255,8.6,1.5,2.7,7.7,2.81,69%,urquijo01
525,Framber Valdez,30,L,12,8,.600,3.47,1,179.0,154,77,69,17,60,1,175,10,1,8,742,1.196,7.7,0.9,3.0,8.8,2.92,79%,valdefr01
526,Carlos Vargas,24,R,2,1,.667,4.33,1,27.0,25,14,13,4,11,0,28,2,0,1,117,1.333,8.3,1.3,3.7,9.3,2.55,5%,vargaca01
527,Gus Varland,27,R,2,2,.500,4.89,1,35.0,36,21,19,5,16,1,35,2,0,2,155,1.486,9.3,1.3,4.1,9.0,2.19,20%,varlagu01
528,Louie Varland,26,R,5,4,.556,4.39,1,84.0,80,43,41,15,26,1,84,3,0,3,356,1.262,8.6,1.6,2.8,9.0,3.23,47%,varlalo01
529,Randy Vásquez,25,R,3,3,.500,3.90,1,60.0,53,27,26,8,24,0,58,4,0,3,258,1.283,8.0,1.2,3.6,8.7,2.42,29%,vasqura02
530,Anthony Veneziano,26,L,1,1,.500,4.15,1,26.0,24,14,12,3,10,0,25,1,0,1,112,1.308,8.3,1.0,3.5,8.7,2.50,3%,venezan01
531,Justin Verlander,41,R,12,7,.632,3.19,1,158.0,135,62,56,17,44,0,148,6,0,5,644,1.133,7.7,1.0,2.5,8.4,3.36,74%,verlaju01
532,Alex Vesia,28,L,3,3,.500,3.76,1,55.0,49,26,23,7,22,2,66,2,0,2,237,1.291,8.0,1.1,3.6,10.8,3.00,51%,vesiaal01
533,Nick Vespi,28,L,3,1,.750,4.37,1,35.0,34,18,17,5,12,1,33,2,0,1,148,1.314,8.7,1.3,3.1,8.5,2.75,25%,vespini01
534,Will Vest,29,R,3,2,.600,4.11,2,57.0,54,28,26,6,20,1,58,2,0,3,244,1.298,8.5,0.9,3.2,9.2,2.90,52%,vestwi01
535,Thyago Vieira,31,R,1,2,.333,4.50,1,26.0,24,14,13,4,10,0,25,1,0,1,112,1.308,8.3,1.4,3.5,8.7,2.50,2%,vieirth01
536,Darius Vines,26,R,3,2,.600,4.22,1,49.0,44,25,23,7,18,0,46,2,0,1,209,1.265,8.1,1.3,3.3,8.4,2.56,17%,vinesda01
537,Victor Vodnik,24,R,2,1,.667,4.66,1,29.0,29,16,15,4,11,0,30,1,0,1,127,1.379,9.0,1.2,3.4,9.3,2.73,10%,vodnivi01
538,Michael Wacha,32,R,11,5,.688,3.85,1,138.0,126,62,59,19,43,0,126,5,1,4,575,1.225,8.2,1.2,2.8,8.2,2.93,73%,wachami01
539,Ken Waldichuk,26,L,5,7,.417,4.94,2,122.0,121,73,67,19,53,1,119,8,1,5,540,1.426,8.9,1.4,3.9,8.8,2.25,65%,waldike01
540,Matt Waldron,27,R,3,4,.429,4.38,2,72.0,68,37,35,12,25,1,66,2,0,2,305,1.292,8.5,1.5,3.1,8.3,2.64,30%,waldrma01
541,Josh Walker,29,L,2,2,.500,4.80,1,30.0,29,17,16,4,12,0,30,1,0,1,130,1.367,8.7,1.2,3.6,9.0,2.50,11%,walkejo03
542,Ryan Walker,28,R,4,3,.571,3.88,2,65.0,63,31,28,9,25,0,71,3,0,3,278,1.354,8.7,1.2,3.5,9.8,2.84,40%,walkery01
543,Taijuan Walker,31,R,12,7,.632,4.22,1,162.0,148,80,76,20,60,1,139,7,1,3,681,1.284,8.2,1.1,3.3,7.7,2.32,78%,walketa01
544,Brandon Walter,27,L,2,2,.500,4.75,1,36.0,38,21,19,5,13,0,34,2,0,1,158,1.417,9.5,1.3,3.3,8.5,2.62,21%,waltebr01
545,Andrew Wantz,28,R,3,2,.600,3.98,1,52.0,44,25,23,7,20,1,51,2,0,2,217,1.231,7.6,1.2,3.5,8.8,2.55,46%,wantzan01
546,Thaddeus Ward,27,R,2,2,.500,4.81,1,43.0,39,25,23,6,21,1,41,2,0,1,185,1.395,8.2,1.3,4.4,8.6,1.95,29%,wardth01
547,Austin Warren,28,R,2,1,.667,4.33,1,27.0,26,14,13,4,10,1,26,1,0,1,117,1.333,8.7,1.3,3.3,8.7,2.60,17%,warreau01
548,Ryan Weathers,24,L,3,6,.333,5.18,1,80.0,82,48,46,13,32,1,71,3,0,2,346,1.425,9.2,1.5,3.6,8.0,2.22,50%,weathry01
549,Jacob Webb,30,R,3,2,.600,4.15,1,52.0,46,26,24,7,23,2,52,3,0,2,223,1.327,8.0,1.2,4.0,9.0,2.26,41%,webbja01
550,Logan Webb,27,R,12,10,.545,3.37,1,187.0,171,77,70,17,42,0,173,6,0,4,758,1.139,8.2,0.8,2.0,8.3,4.12,80%,webblo01
551,Jordan Weems,31,R,3,2,.600,4.50,1,56.0,49,30,28,9,24,2,57,3,0,2,240,1.304,7.9,1.4,3.9,9.2,2.38,47%,weemsjo01
552,Zack Weiss,32,R,2,2,.500,4.36,1,33.0,30,17,16,5,13,1,34,2,0,1,142,1.303,8.2,1.4,3.5,9.3,2.62,19%,weissza01
553,Zack Weiss,32,R,2,2,.500,4.36,1,33.0,30,17,16,5,13,1,34,2,0,1,142,1.303,8.2,1.4,3.5,9.3,2.62,19%,weissza01
554,Greg Weissert,29,R,2,2,.500,4.50,1,36.0,34,19,18,5,14,0,36,2,1,1,155,1.333,8.5,1.3,3.5,9.0,2.57,23%,weissgr01
555,Tyler Wells,29,R,7,7,.500,4.08,2,117.0,96,55,53,20,36,0,109,4,1,3,479,1.128,7.4,1.5,2.8,8.4,3.03,67%,wellsty01
556,Joey Wentz,26,L,5,9,.357,5.45,1,109.0,115,71,66,19,44,1,104,3,1,3,484,1.459,9.5,1.6,3.6,8.6,2.36,59%,wentzjo01
557,Hayden Wesneski,26,R,4,5,.444,4.24,1,85.0,77,44,40,14,30,1,83,4,0,2,362,1.259,8.2,1.5,3.2,8.8,2.77,54%,wesneha01
558,Zack Wheeler,34,R,11,7,.611,3.53,1,171.0,150,72,67,18,43,1,182,8,0,3,700,1.129,7.9,0.9,2.3,9.6,4.23,79%,wheelza01
559,Brendan White,25,R,3,3,.500,4.60,1,47.0,45,26,24,6,17,0,49,3,0,2,204,1.319,8.6,1.1,3.3,9.4,2.88,31%,whitebr01
560,Mitch White,29,R,2,3,.400,4.91,1,55.0,56,33,30,7,21,0,51,2,0,3,240,1.400,9.2,1.1,3.4,8.3,2.43,51%,whitemi03
561,Owen White,24,R,1,2,.333,4.67,1,27.0,25,15,14,4,10,0,27,1,0,1,116,1.296,8.3,1.3,3.3,9.0,2.70,5%,whiteow01
562,Garrett Whitlock,28,R,5,4,.556,4.15,3,78.0,76,39,36,11,20,1,80,3,0,3,327,1.231,8.8,1.3,2.3,9.2,4.00,60%,whitlga01
563,Jordan Wicks,24,L,6,4,.600,4.32,2,77.0,72,39,37,11,27,1,71,3,0,4,330,1.286,8.4,1.3,3.2,8.3,2.63,27%,wicksjo01
564,Devin Williams,29,R,6,3,.667,3.00,16,60.0,42,23,20,6,27,1,78,2,0,2,248,1.150,6.3,0.9,4.1,11.7,2.89,54%,willide03
565,Gavin Williams,24,R,5,6,.455,3.83,2,101.0,87,46,43,12,41,1,102,5,0,4,428,1.267,7.8,1.1,3.7,9.1,2.49,46%,williga01
566,Trevor Williams,32,R,6,8,.429,4.74,1,131.0,145,75,69,24,46,1,114,5,1,2,576,1.458,10.0,1.6,3.2,7.8,2.48,72%,willitr01
567,Brandon Williamson,26,L,6,6,.500,4.35,2,118.0,110,62,57,17,41,1,109,4,1,4,501,1.280,8.4,1.3,3.1,8.3,2.66,55%,willibr02
568,Amos Willingham,25,R,2,2,.500,4.86,1,37.0,38,21,20,6,14,1,34,2,0,1,163,1.405,9.2,1.5,3.4,8.3,2.43,22%,william01
569,Bryse Wilson,26,R,4,4,.500,4.34,2,83.0,81,44,40,12,26,1,69,4,0,3,357,1.289,8.8,1.3,2.8,7.5,2.65,66%,wilsobr02
570,Steven Wilson,29,R,3,3,.500,3.95,1,57.0,46,27,25,8,24,1,58,3,0,2,239,1.228,7.3,1.3,3.8,9.2,2.42,47%,wilsost02
571,Allan Winans,28,R,4,4,.500,4.62,2,76.0,76,41,39,11,26,1,76,4,0,2,327,1.342,9.0,1.3,3.1,9.0,2.92,26%,winanal01
572,Josh Winckowski,26,R,5,5,.500,4.10,2,79.0,81,40,36,10,29,1,73,3,0,2,345,1.392,9.2,1.1,3.3,8.3,2.52,59%,winckjo01
573,Josh Winder,27,R,3,3,.500,4.34,1,58.0,56,30,28,8,20,0,51,3,0,2,247,1.310,8.7,1.2,3.1,7.9,2.55,46%,windejo01
574,Keaton Winn,26,R,3,4,.429,4.43,2,65.0,59,34,32,9,20,0,62,5,0,2,276,1.215,8.2,1.2,2.8,8.6,3.10,30%,winnke01
575,Jackson Wolf,25,L,4,3,.571,4.35,2,62.0,59,32,30,8,22,1,60,3,0,2,267,1.306,8.6,1.2,3.2,8.7,2.73,5%,wolfja01
576,Bryan Woo,24,R,5,6,.455,4.15,2,104.0,91,52,48,14,37,1,109,6,0,3,442,1.231,7.9,1.2,3.2,9.4,2.95,48%,woobr01
577,Simeon Woods Richardson,23,R,2,2,.500,4.50,1,42.0,39,22,21,6,16,0,42,2,0,2,180,1.310,8.4,1.3,3.4,9.0,2.63,9%,woodssi01
578,Kyle Wright,28,R,7,4,.636,4.15,1,91.0,87,45,42,12,33,0,90,6,0,4,391,1.319,8.6,1.2,3.3,8.9,2.73,62%,wrighky01
579,Ryan Yarbrough,32,L,6,7,.462,4.60,2,94.0,98,51,48,14,24,1,77,8,0,2,401,1.298,9.4,1.3,2.3,7.4,3.21,68%,yarbrry01
580,Kirby Yates,37,R,4,3,.571,4.02,3,56.0,46,27,25,8,27,1,60,3,1,4,238,1.304,7.4,1.3,4.3,9.6,2.22,41%,yateski01
581,Huascar Ynoa,26,R,3,4,.429,4.58,1,59.0,55,32,30,9,21,1,61,3,0,2,252,1.288,8.4,1.4,3.2,9.3,2.90,27%,ynoahu01
582,Alex Young,30,L,3,3,.500,4.25,1,55.0,55,30,26,8,22,1,51,2,0,2,240,1.400,9.0,1.3,3.6,8.3,2.32,50%,youngal01
583,Angel Zerpa,24,L,4,4,.500,4.26,1,57.0,54,29,27,8,17,0,52,3,0,2,242,1.246,8.5,1.3,2.7,8.2,3.06,35%,zerpaan01
584,Bruce Zimmermann,29,L,3,3,.500,4.95,1,60.0,66,35,33,12,17,0,53,3,0,2,260,1.383,9.9,1.8,2.6,8.0,3.12,48%,zimmebr02
585,Guillermo Zuñiga,25,R,1,1,.500,4.15,1,26.0,24,13,12,3,9,0,26,1,0,1,111,1.269,8.3,1.0,3.1,9.0,2.89,2%,zuniggu01